po_id,supplier_id,part_id,order_date,promised_date,receipt_date,quantity,unit_price,defect_quantity,status
PO-000001,SUP-039,PRT-0087,2026-01-09,2026-03-06,2026-03-05,370,157.62,5,Received
PO-000002,SUP-003,PRT-0081,2025-10-28,2026-01-04,2025-12-30,93,106.34,0,Received
PO-000003,SUP-036,PRT-0043,2025-12-21,2026-03-09,2026-03-09,137,41.28,1,Received
PO-000004,SUP-024,PRT-0025,2025-10-28,2025-12-23,2025-12-23,373,602.91,8,Received
PO-000005,SUP-007,PRT-0036,2026-06-04,2026-07-22,2026-08-02,319,174.22,4,Received
PO-000006,SUP-023,PRT-0039,2026-03-25,2026-05-22,2026-05-14,210,573.58,1,Received
PO-000007,SUP-024,PRT-0058,2026-07-01,2026-08-03,2026-08-02,59,289.08,0,Received
PO-000008,SUP-014,PRT-0022,2026-04-27,2026-06-12,2026-06-06,34,70.53,2,Received
PO-000009,SUP-015,PRT-0037,2025-12-13,2026-02-20,2026-02-18,95,759.08,1,Received
PO-000010,SUP-010,PRT-0014,2025-12-11,2026-01-21,2026-01-21,326,96.3,8,Received
PO-000011,SUP-024,PRT-0064,2025-10-31,2026-01-04,2025-12-27,255,149.83,7,Received
PO-000012,SUP-005,PRT-0039,2026-08-09,2026-09-14,2026-09-06,396,641.14,4,Received
PO-000013,SUP-008,PRT-0054,2026-01-26,2026-02-27,2026-03-27,192,379.87,0,Received
PO-000014,SUP-007,PRT-0053,2025-10-01,2025-11-13,2025-11-06,146,119.69,4,Received
PO-000015,SUP-036,PRT-0062,2026-04-20,2026-07-08,2026-07-01,147,286.28,2,Received
PO-000016,SUP-004,PRT-0040,2025-12-28,2026-02-15,2026-02-13,328,175.18,13,Received
PO-000017,SUP-008,PRT-0048,2026-02-08,2026-03-30,2026-03-26,44,382.11,0,Received
PO-000018,SUP-010,PRT-0035,2025-11-21,2026-01-19,2026-01-12,201,408.01,5,Received
PO-000019,SUP-039,PRT-0071,2025-11-13,2026-01-05,2026-01-05,33,44.29,0,Received
PO-000020,SUP-028,PRT-0081,2025-12-04,2026-01-19,2026-01-17,147,93.15,0,Received
PO-000021,SUP-005,PRT-0088,2026-02-22,2026-03-26,2026-03-20,159,1324.12,3,Received
PO-000022,SUP-009,PRT-0065,2026-01-19,2026-04-09,2026-04-04,195,395.87,5,Received
PO-000023,SUP-007,PRT-0086,2026-06-16,2026-08-23,2026-08-19,285,89.38,5,Received
PO-000024,SUP-015,PRT-0037,2025-12-12,2026-03-04,2026-02-24,67,732.75,0,Received
PO-000025,SUP-039,PRT-0071,2026-05-09,2026-06-28,2026-07-09,332,47.68,8,Received
PO-000026,SUP-007,PRT-0086,2026-04-08,2026-07-02,2026-07-02,300,94.5,8,Received
PO-000027,SUP-029,PRT-0051,2025-11-15,2025-12-13,2025-12-07,207,252.15,3,Received
PO-000028,SUP-036,PRT-0001,2026-05-12,2026-07-25,2026-07-24,163,236.4,0,Received
PO-000029,SUP-005,PRT-0039,2026-01-27,2026-03-11,2026-03-20,135,609.09,4,Received
PO-000030,SUP-021,PRT-0078,2026-09-20,2026-11-16,2026-12-03,314,191.41,3,Received
PO-000031,SUP-005,PRT-0053,2026-01-08,2026-02-19,2026-02-12,70,118.8,0,Received
PO-000032,SUP-007,PRT-0010,2026-04-19,2026-05-13,2026-05-05,396,213.35,4,Received
PO-000033,SUP-021,PRT-0078,2026-08-02,2026-10-23,2026-10-22,130,193.7,0,Received
PO-000034,SUP-030,PRT-0031,2026-03-23,2026-05-30,2026-05-23,233,99.67,4,Received
PO-000035,SUP-032,PRT-0072,2026-02-24,2026-05-11,2026-05-07,303,667.72,6,Received
PO-000036,SUP-019,PRT-0048,2025-11-26,2026-01-27,2026-01-19,196,365.76,1,Received
PO-000037,SUP-024,PRT-0058,2026-06-13,2026-07-09,2026-07-07,402,323.27,7,Received
PO-000038,SUP-014,PRT-0038,2026-08-19,2026-10-01,2026-10-25,152,97.97,4,Received
PO-000039,SUP-031,PRT-0086,2026-01-25,2026-03-16,2026-03-13,218,96.42,1,Received
PO-000040,SUP-040,PRT-0003,2026-01-28,2026-02-28,2026-02-27,221,526.88,0,Received
PO-000041,SUP-002,PRT-0029,2026-07-05,2026-09-24,2026-09-16,346,554.95,6,Received
PO-000042,SUP-037,PRT-0069,2026-08-28,2026-11-03,2026-11-05,356,105.62,2,Received
PO-000043,SUP-016,PRT-0085,2025-11-08,2025-12-27,2025-12-26,190,66.31,3,Received
PO-000044,SUP-009,PRT-0068,2025-11-07,2025-12-10,2025-12-07,184,168.15,4,Received
PO-000045,SUP-014,PRT-0008,2025-12-18,2026-02-07,2026-02-01,229,476.11,4,Received
PO-000046,SUP-006,PRT-0078,2026-01-06,2026-03-01,2026-02-26,32,176.25,0,Received
PO-000047,SUP-015,PRT-0052,2025-12-25,2026-02-22,2026-02-15,322,361.07,0,Received
PO-000048,SUP-009,PRT-0065,2026-01-20,2026-03-27,2026-03-24,380,418.82,4,Received
PO-000049,SUP-005,PRT-0079,2025-10-17,2025-12-27,2026-01-09,111,226.16,4,Received
PO-000050,SUP-028,PRT-0070,2026-01-07,2026-03-03,2026-02-28,47,104.42,1,Received
PO-000051,SUP-008,PRT-0054,2026-02-13,2026-03-31,2026-03-23,344,362.87,2,Received
PO-000052,SUP-008,PRT-0033,2025-10-17,2025-12-21,2026-01-09,418,906.25,6,Received
PO-000053,SUP-040,PRT-0049,2026-01-10,2026-03-28,2026-03-20,344,246.75,0,Received
PO-000054,SUP-004,PRT-0017,2026-03-18,2026-04-17,2026-04-13,104,12.9,3,Received
PO-000055,SUP-026,PRT-0065,2026-01-25,2026-04-15,2026-04-12,287,412.63,6,Received
PO-000056,SUP-024,PRT-0082,2025-12-11,2026-02-25,2026-02-25,327,79.77,3,Received
PO-000057,SUP-009,PRT-0068,2026-06-17,2026-09-01,2026-09-01,254,170.95,4,Received
PO-000058,SUP-031,PRT-0086,2025-11-17,2026-01-02,2025-12-29,117,95.8,2,Received
PO-000059,SUP-026,PRT-0051,2026-07-11,2026-09-20,2026-09-13,195,216.63,5,Received
PO-000060,SUP-036,PRT-0001,2026-02-13,2026-04-12,2026-04-06,386,226.66,1,Received
PO-000061,SUP-040,PRT-0049,2026-09-06,2026-10-03,2026-09-25,253,257.22,0,Received
PO-000062,SUP-014,PRT-0086,2026-09-11,2026-11-28,2026-11-22,285,101.52,7,Received
PO-000063,SUP-017,PRT-0042,2025-12-07,2026-02-16,2026-03-01,80,631.4,1,Received
PO-000064,SUP-005,PRT-0018,2026-08-28,2026-11-12,2026-12-03,332,73.42,4,Received
PO-000065,SUP-007,PRT-0053,2026-03-05,2026-04-07,2026-03-31,320,111.34,7,Received
PO-000066,SUP-014,PRT-0038,2026-01-07,2026-03-23,2026-03-20,278,96.56,7,Received
PO-000067,SUP-018,PRT-0025,2026-03-09,2026-04-22,2026-04-22,239,788.43,7,Received
PO-000068,SUP-003,PRT-0081,2026-01-13,2026-02-21,2026-02-17,154,98.46,1,Received
PO-000069,SUP-036,PRT-0016,2026-06-29,2026-08-18,2026-08-14,386,945.19,1,Received
PO-000070,SUP-004,PRT-0063,2026-04-15,2026-05-15,2026-05-14,225,115.05,7,Received
PO-000071,SUP-036,PRT-0043,2026-09-08,2026-10-05,2026-09-30,292,43.12,3,Received
PO-000072,SUP-009,PRT-0004,2026-08-25,2026-09-18,2026-09-16,80,338.13,3,Received
PO-000073,SUP-005,PRT-0053,2025-10-22,2026-01-01,2025-12-24,346,122.12,6,Received
PO-000074,SUP-033,PRT-0048,2026-05-15,2026-06-29,2026-07-13,239,382.98,0,Received
PO-000075,SUP-008,PRT-0076,2026-04-20,2026-07-12,2026-07-04,207,276.2,3,Received
PO-000076,SUP-020,PRT-0067,2026-01-12,2026-03-15,2026-03-13,322,553.35,6,Received
PO-000077,SUP-027,PRT-0082,2025-11-12,2025-12-23,2025-12-15,404,81.69,9,Received
PO-000078,SUP-004,PRT-0041,2025-11-13,2026-01-07,2026-01-01,109,253.34,1,Received
PO-000079,SUP-026,PRT-0047,2026-08-18,2026-09-28,2026-09-20,418,452.06,2,Received
PO-000080,SUP-006,PRT-0078,2025-11-28,2025-12-28,2025-12-22,199,173.48,3,Received
PO-000081,SUP-033,PRT-0048,2026-08-13,2026-10-08,2026-09-30,145,361.7,1,Received
PO-000082,SUP-024,PRT-0082,2025-11-20,2025-12-29,2025-12-29,150,83.43,1,Received
PO-000083,SUP-008,PRT-0033,2026-05-07,2026-06-24,2026-06-22,336,860.92,3,Received
PO-000084,SUP-008,PRT-0033,2026-09-25,2026-11-25,2026-11-20,327,946.94,1,Received
PO-000085,SUP-012,PRT-0026,2026-04-02,2026-06-01,2026-06-01,220,297.78,5,Received
PO-000086,SUP-029,PRT-0062,2025-10-27,2025-12-10,2025-12-06,37,233.12,0,Received
PO-000087,SUP-038,PRT-0046,2026-07-04,2026-08-27,2026-08-27,249,32.07,1,Received
PO-000088,SUP-018,PRT-0066,2026-06-22,2026-08-15,2026-08-10,206,108.35,0,Received
PO-000089,SUP-021,PRT-0078,2026-01-16,2026-02-09,2026-02-07,125,210.08,1,Received
PO-000090,SUP-017,PRT-0049,2026-05-07,2026-07-04,2026-06-26,395,237.32,5,Received
PO-000091,SUP-008,PRT-0076,2026-05-18,2026-08-10,2026-08-10,401,303.98,5,Received
PO-000092,SUP-022,PRT-0012,2026-06-10,2026-07-23,2026-07-15,148,835.22,2,Received
PO-000093,SUP-003,PRT-0057,2026-01-14,2026-02-22,2026-02-21,266,155.14,2,Received
PO-000094,SUP-007,PRT-0032,2026-07-29,2026-08-23,2026-08-19,105,70.84,6,Received
PO-000095,SUP-013,PRT-0045,2026-03-31,2026-06-17,2026-06-09,207,1224.44,2,Received
PO-000096,SUP-032,PRT-0072,2026-07-20,2026-10-03,2026-09-28,112,745.01,2,Received
PO-000097,SUP-015,PRT-0037,2026-03-03,2026-05-22,2026-06-14,362,733.53,3,Received
PO-000098,SUP-003,PRT-0021,2026-01-01,2026-02-03,2026-01-26,105,148.55,1,Received
PO-000099,SUP-024,PRT-0058,2025-10-29,2025-12-28,2026-01-08,271,324.11,5,Received
PO-000100,SUP-009,PRT-0025,2026-01-03,2026-02-02,2026-01-25,30,775.71,0,Received
PO-000101,SUP-006,PRT-0077,2026-05-16,2026-06-14,2026-07-07,417,220.85,3,Received
PO-000102,SUP-033,PRT-0048,2025-11-10,2025-12-29,2025-12-24,109,372.53,0,Received
PO-000103,SUP-024,PRT-0064,2026-01-20,2026-02-22,2026-02-18,418,148.36,6,Received
PO-000104,SUP-007,PRT-0061,2026-05-12,2026-07-14,2026-07-09,181,59.72,4,Received
PO-000105,SUP-008,PRT-0048,2026-05-14,2026-06-11,2026-06-04,161,365.02,1,Received
PO-000106,SUP-004,PRT-0063,2026-02-26,2026-04-16,2026-04-09,251,127.45,2,Received
PO-000107,SUP-015,PRT-0037,2025-11-21,2025-12-18,2026-01-12,267,719.4,0,Received
PO-000108,SUP-028,PRT-0001,2025-11-02,2025-12-27,2025-12-22,354,241.51,3,Received
PO-000109,SUP-036,PRT-0014,2025-11-20,2025-12-16,2026-01-02,326,92.82,1,Received
PO-000110,SUP-007,PRT-0010,2025-10-28,2026-01-21,2026-01-14,314,221.56,7,Received
PO-000111,SUP-016,PRT-0033,2026-08-09,2026-09-16,2026-09-12,26,975.66,0,Received
PO-000112,SUP-008,PRT-0048,2025-10-20,2026-01-09,2026-02-01,40,351.35,1,Received
PO-000113,SUP-026,PRT-0008,2026-01-09,2026-04-02,2026-03-25,143,481.49,0,Received
PO-000114,SUP-020,PRT-0023,2026-04-24,2026-07-14,2026-07-14,405,164.91,7,Received
PO-000115,SUP-040,PRT-0003,2026-05-31,2026-08-05,2026-07-30,233,565.29,0,Received
PO-000116,SUP-020,PRT-0067,2026-01-06,2026-03-25,2026-04-17,255,573.05,3,Received
PO-000117,SUP-004,PRT-0040,2025-10-24,2025-12-26,2025-12-23,306,170.08,4,Received
PO-000118,SUP-026,PRT-0067,2026-02-16,2026-03-17,2026-03-15,62,568.1,0,Received
PO-000119,SUP-007,PRT-0032,2026-04-07,2026-05-25,2026-05-18,127,67.45,1,Received
PO-000120,SUP-026,PRT-0063,2026-02-13,2026-04-04,2026-04-01,56,121.05,0,Received
PO-000121,SUP-034,PRT-0080,2026-05-17,2026-07-08,2026-07-21,295,204.96,7,Received
PO-000122,SUP-014,PRT-0084,2026-08-03,2026-10-25,2026-11-22,342,249.45,6,Received
PO-000123,SUP-028,PRT-0070,2026-03-22,2026-04-24,2026-04-20,132,99.4,1,Received
PO-000124,SUP-009,PRT-0068,2025-10-01,2025-11-13,2025-11-09,372,184.07,12,Received
PO-000125,SUP-019,PRT-0078,2025-10-09,2025-12-25,2026-01-02,387,180.73,6,Received
PO-000126,SUP-034,PRT-0027,2026-08-20,2026-09-16,2026-09-13,343,717.95,11,Received
PO-000127,SUP-024,PRT-0057,2025-10-15,2025-12-17,2025-12-14,111,153.51,4,Received
PO-000128,SUP-019,PRT-0076,2026-06-06,2026-08-29,2026-08-27,404,326.57,4,Received
PO-000129,SUP-015,PRT-0066,2026-05-25,2026-07-16,2026-07-13,104,98.97,0,Received
PO-000130,SUP-034,PRT-0027,2025-11-11,2026-01-31,2026-01-30,334,769.15,7,Received
PO-000131,SUP-015,PRT-0037,2026-08-18,2026-09-28,2026-09-28,184,706.94,0,Received
PO-000132,SUP-036,PRT-0038,2026-06-16,2026-07-11,2026-07-06,301,98.34,1,Received
PO-000133,SUP-002,PRT-0012,2026-02-04,2026-03-20,2026-04-16,392,898.46,6,Received
PO-000134,SUP-036,PRT-0043,2026-01-16,2026-03-12,2026-03-09,339,40.15,3,Received
PO-000135,SUP-032,PRT-0039,2026-05-08,2026-06-02,2026-05-26,211,663.84,3,Received
PO-000136,SUP-008,PRT-0048,2025-10-28,2025-11-22,2025-11-17,339,348.87,3,Received
PO-000137,SUP-034,PRT-0030,2026-05-01,2026-07-14,2026-08-05,379,148.24,6,Received
PO-000138,SUP-029,PRT-0062,2026-09-27,2026-10-26,2026-10-25,177,228.48,2,Received
PO-000139,SUP-032,PRT-0039,2025-10-21,2025-12-24,2025-12-23,138,659.6,3,Received
PO-000140,SUP-037,PRT-0022,2026-04-20,2026-06-21,2026-06-14,228,73.94,0,Received
PO-000141,SUP-002,PRT-0059,2026-01-15,2026-03-06,2026-03-09,70,104.44,0,Received
PO-000142,SUP-001,PRT-0027,2026-06-12,2026-07-19,2026-07-18,224,615.07,6,Received
PO-000143,SUP-010,PRT-0014,2025-10-27,2026-01-15,2026-01-13,311,93.77,3,Received
PO-000144,SUP-027,PRT-0082,2025-12-05,2026-01-01,2026-01-01,321,79.16,4,Received
PO-000145,SUP-004,PRT-0041,2026-03-27,2026-05-18,2026-05-13,407,256.39,9,Received
PO-000146,SUP-024,PRT-0058,2026-02-14,2026-03-19,2026-03-19,159,296.34,1,Received
PO-000147,SUP-035,PRT-0063,2026-03-10,2026-04-11,2026-05-05,380,130.77,7,Received
PO-000148,SUP-019,PRT-0078,2026-01-08,2026-02-25,2026-02-22,80,191.45,1,Received
PO-000149,SUP-017,PRT-0042,2026-04-15,2026-06-07,2026-06-01,17,638.23,0,Received
PO-000150,SUP-003,PRT-0021,2025-12-27,2026-02-14,2026-02-07,109,141.87,1,Received
PO-000151,SUP-019,PRT-0076,2026-09-05,2026-10-09,2026-10-03,310,296.05,3,Received
PO-000152,SUP-018,PRT-0025,2026-01-14,2026-03-25,2026-03-24,347,743.17,3,Received
PO-000153,SUP-033,PRT-0048,2026-07-26,2026-09-16,2026-09-09,53,387.93,0,Received
PO-000154,SUP-039,PRT-0087,2025-11-29,2026-02-15,2026-02-07,231,172.4,5,Received
PO-000155,SUP-022,PRT-0050,2026-01-02,2026-02-26,2026-02-26,417,263.57,3,Received
PO-000156,SUP-004,PRT-0040,2026-09-27,2026-12-18,2026-12-18,65,171.69,2,Received
PO-000157,SUP-007,PRT-0015,2026-04-19,2026-07-09,2026-07-09,106,134.51,1,Received
PO-000158,SUP-026,PRT-0065,2026-05-02,2026-06-25,2026-06-20,185,420.72,1,Received
PO-000159,SUP-014,PRT-0072,2026-05-03,2026-06-24,2026-07-12,65,739.53,2,Received
PO-000160,SUP-017,PRT-0089,2026-06-17,2026-08-21,2026-08-21,259,170.53,2,Received
PO-000161,SUP-008,PRT-0045,2026-07-19,2026-09-30,2026-09-22,408,1257.32,5,Received
PO-000162,SUP-008,PRT-0054,2026-09-12,2026-11-27,2026-11-20,390,353.5,0,Received
PO-000163,SUP-005,PRT-0088,2025-12-29,2026-03-20,2026-03-18,229,1199.7,7,Received
PO-000164,SUP-018,PRT-0025,2025-10-30,2025-12-28,2025-12-25,282,719.07,2,Received
PO-000165,SUP-030,PRT-0009,2026-09-28,2026-11-24,2026-11-21,397,156.89,10,Received
PO-000166,SUP-026,PRT-0047,2026-03-04,2026-04-04,2026-04-01,26,405.59,1,Received
PO-000167,SUP-017,PRT-0089,2026-05-20,2026-07-21,2026-07-20,266,170.8,4,Received
PO-000168,SUP-003,PRT-0020,2026-02-13,2026-04-20,2026-04-12,23,76.05,0,Received
PO-000169,SUP-012,PRT-0087,2026-09-16,2026-11-12,2026-11-10,384,168.78,5,Received
PO-000170,SUP-003,PRT-0057,2025-11-04,2025-12-18,2025-12-12,41,153.18,0,Received
PO-000171,SUP-024,PRT-0025,2025-11-02,2025-12-22,2025-12-17,266,655.67,5,Received
PO-000172,SUP-016,PRT-0074,2026-04-09,2026-05-11,2026-05-05,255,24.71,5,Received
PO-000173,SUP-013,PRT-0002,2026-09-22,2026-11-16,2026-11-14,245,366.56,2,Received
PO-000174,SUP-013,PRT-0002,2025-12-22,2026-02-10,2026-02-08,283,368.26,4,Received
PO-000175,SUP-007,PRT-0082,2026-02-23,2026-05-10,2026-05-02,44,81.84,2,Received
PO-000176,SUP-027,PRT-0082,2026-02-17,2026-03-20,2026-03-19,186,82.04,7,Received
PO-000177,SUP-004,PRT-0063,2025-12-19,2026-02-08,2026-01-31,180,117.16,6,Received
PO-000178,SUP-019,PRT-0044,2026-07-06,2026-08-20,2026-08-20,125,101.55,2,Received
PO-000179,SUP-036,PRT-0043,2026-07-31,2026-09-29,2026-09-26,235,41.86,1,Received
PO-000180,SUP-034,PRT-0027,2026-02-14,2026-05-01,2026-04-25,279,774.42,6,Received
PO-000181,SUP-014,PRT-0022,2025-12-15,2026-02-03,2026-02-03,49,78.33,1,Received
PO-000182,SUP-026,PRT-0013,2025-11-01,2025-12-20,2025-12-16,404,334.21,3,Received
PO-000183,SUP-001,PRT-0027,2025-10-25,2026-01-02,2025-12-30,240,673.01,6,Received
PO-000184,SUP-002,PRT-0012,2025-12-26,2026-01-22,2026-02-05,49,827.38,0,Received
PO-000185,SUP-002,PRT-0059,2025-10-21,2025-11-27,2025-11-23,221,111.79,0,Received
PO-000186,SUP-023,PRT-0039,2026-09-21,2026-10-15,2026-10-13,213,571.52,1,Received
PO-000187,SUP-026,PRT-0047,2025-12-05,2026-01-28,2026-01-22,65,433.38,1,Received
PO-000188,SUP-038,PRT-0046,2026-02-18,2026-04-24,2026-04-24,269,33.04,0,Received
PO-000189,SUP-024,PRT-0025,2025-11-01,2026-01-04,2025-12-27,55,602.51,3,Received
PO-000190,SUP-007,PRT-0010,2025-10-30,2025-12-06,2025-12-03,17,203.11,0,Received
PO-000191,SUP-008,PRT-0048,2026-06-14,2026-08-12,2026-08-09,379,371.62,3,Received
PO-000192,SUP-030,PRT-0071,2026-07-02,2026-09-08,2026-09-08,146,50.5,8,Received
PO-000193,SUP-005,PRT-0018,2025-12-02,2026-01-28,2026-01-25,211,74.39,2,Received
PO-000194,SUP-004,PRT-0041,2025-12-16,2026-01-09,2026-01-07,405,264.1,11,Received
PO-000195,SUP-018,PRT-0090,2026-03-15,2026-05-18,2026-05-17,320,435.58,7,Received
PO-000196,SUP-032,PRT-0027,2026-06-03,2026-08-25,2026-08-23,404,659.67,7,Received
PO-000197,SUP-028,PRT-0001,2026-08-01,2026-08-26,2026-08-22,217,240.38,1,Received
PO-000198,SUP-012,PRT-0026,2026-03-28,2026-05-31,2026-05-24,127,320.31,2,Received
PO-000199,SUP-027,PRT-0054,2026-05-28,2026-07-20,2026-07-16,46,348.01,1,Received
PO-000200,SUP-013,PRT-0010,2026-08-29,2026-10-20,2026-10-23,284,201.12,4,Received
PO-000201,SUP-014,PRT-0008,2026-02-18,2026-04-09,2026-04-03,132,480.12,3,Received
PO-000202,SUP-037,PRT-0022,2025-11-22,2025-12-23,2025-12-21,111,77.97,3,Received
PO-000203,SUP-014,PRT-0008,2026-09-10,2026-10-08,2026-10-01,413,468.86,9,Received
PO-000204,SUP-024,PRT-0058,2026-08-03,2026-10-06,2026-09-29,373,316.22,7,Received
PO-000205,SUP-017,PRT-0049,2025-10-15,2026-01-06,2026-01-01,300,226.49,5,Received
PO-000206,SUP-032,PRT-0072,2026-03-01,2026-05-19,2026-05-19,307,702.39,7,Received
PO-000207,SUP-028,PRT-0070,2025-12-08,2026-02-05,2026-02-02,141,105.26,0,Received
PO-000208,SUP-009,PRT-0004,2025-10-27,2026-01-14,2026-01-11,45,357.71,0,Received
PO-000209,SUP-007,PRT-0036,2025-11-16,2026-01-23,2026-01-22,301,173.08,7,Received
PO-000210,SUP-026,PRT-0019,2026-05-07,2026-06-27,2026-06-25,401,236.25,6,Received
PO-000211,SUP-015,PRT-0066,2026-01-21,2026-03-19,2026-03-12,91,93.33,0,Received
PO-000212,SUP-027,PRT-0052,2025-11-15,2026-01-31,2026-01-31,328,349.12,10,Received
PO-000213,SUP-003,PRT-0075,2026-08-13,2026-10-16,2026-11-02,348,119.5,1,Received
PO-000214,SUP-005,PRT-0079,2026-03-27,2026-05-16,2026-05-15,186,230.16,3,Received
PO-000215,SUP-028,PRT-0001,2026-03-22,2026-05-11,2026-05-09,343,221.19,1,Received
PO-000216,SUP-034,PRT-0080,2026-02-22,2026-04-06,2026-03-31,143,204.75,4,Received
PO-000217,SUP-026,PRT-0067,2026-09-10,2026-10-19,2026-10-12,396,551.07,8,Received
PO-000218,SUP-018,PRT-0025,2026-04-11,2026-05-07,2026-04-30,380,716.2,7,Received
PO-000219,SUP-009,PRT-0025,2026-02-22,2026-05-06,2026-04-29,270,754.87,3,Received
PO-000220,SUP-017,PRT-0042,2026-04-15,2026-05-11,2026-05-05,280,594.62,9,Received
PO-000221,SUP-001,PRT-0027,2026-02-08,2026-03-17,2026-03-23,47,606.01,0,Received
PO-000222,SUP-017,PRT-0089,2026-08-17,2026-09-17,2026-09-12,65,162.83,2,Received
PO-000223,SUP-008,PRT-0028,2026-08-05,2026-09-25,2026-09-17,259,130.12,4,Received
PO-000224,SUP-019,PRT-0048,2026-07-13,2026-08-28,2026-08-22,323,394.29,3,Received
PO-000225,SUP-025,PRT-0056,2026-09-25,2026-10-31,2026-10-27,130,223.75,3,Received
PO-000226,SUP-021,PRT-0078,2026-03-16,2026-05-07,2026-05-02,249,199.01,9,Received
PO-000227,SUP-010,PRT-0014,2026-09-29,2026-11-06,2026-10-29,26,93.74,0,Received
PO-000228,SUP-016,PRT-0013,2026-03-05,2026-04-12,2026-04-07,417,318.53,3,Received
PO-000229,SUP-019,PRT-0048,2026-08-12,2026-10-05,2026-10-01,386,387.97,3,Received
PO-000230,SUP-016,PRT-0074,2025-12-12,2026-01-27,2026-01-20,393,25.0,7,Received
PO-000231,SUP-037,PRT-0010,2026-07-26,2026-08-23,2026-08-23,274,185.81,5,Received
PO-000232,SUP-009,PRT-0076,2025-11-11,2026-01-27,2026-01-27,271,314.24,0,Received
PO-000233,SUP-031,PRT-0003,2026-05-30,2026-08-16,2026-08-11,56,551.73,0,Received
PO-000234,SUP-001,PRT-0027,2026-05-27,2026-07-26,2026-08-01,277,657.56,2,Received
PO-000235,SUP-007,PRT-0053,2026-04-14,2026-07-01,2026-07-31,378,116.34,5,Received
PO-000236,SUP-012,PRT-0087,2026-04-19,2026-06-03,2026-06-02,187,162.77,3,Received
PO-000237,SUP-036,PRT-0062,2026-01-19,2026-02-27,2026-02-20,333,262.59,2,Received
PO-000238,SUP-036,PRT-0043,2026-07-15,2026-09-11,2026-09-10,250,39.06,1,Received
PO-000239,SUP-033,PRT-0048,2025-11-22,2026-01-24,2026-01-17,159,382.08,0,Received
PO-000240,SUP-007,PRT-0086,2026-04-01,2026-05-27,2026-05-23,332,95.04,9,Received
PO-000241,SUP-015,PRT-0061,2026-03-15,2026-05-10,2026-05-04,235,65.75,2,Received
PO-000242,SUP-007,PRT-0005,2026-06-19,2026-07-26,2026-08-24,126,310.87,0,Received
PO-000243,SUP-029,PRT-0088,2026-06-22,2026-08-30,2026-08-25,295,1241.98,1,Received
PO-000244,SUP-002,PRT-0012,2026-03-02,2026-05-18,2026-05-16,185,912.1,0,Received
PO-000245,SUP-001,PRT-0027,2026-02-19,2026-04-13,2026-04-05,419,622.39,8,Received
PO-000246,SUP-005,PRT-0021,2026-07-12,2026-09-11,2026-09-09,178,162.18,1,Received
PO-000247,SUP-018,PRT-0025,2026-03-09,2026-05-12,2026-05-11,51,749.1,0,Received
PO-000248,SUP-038,PRT-0046,2026-08-08,2026-10-31,2026-10-27,372,31.62,3,Received
PO-000249,SUP-004,PRT-0041,2025-11-21,2026-01-24,2026-01-21,236,266.42,5,Received
PO-000250,SUP-040,PRT-0003,2026-07-01,2026-07-29,2026-07-27,356,523.87,0,Received
PO-000251,SUP-028,PRT-0009,2026-01-23,2026-03-18,2026-03-23,96,197.91,1,Received
PO-000252,SUP-025,PRT-0056,2026-08-06,2026-10-23,2026-10-15,42,207.09,0,Received
PO-000253,SUP-014,PRT-0006,2026-03-27,2026-06-04,2026-05-29,170,237.15,6,Received
PO-000254,SUP-003,PRT-0081,2026-07-02,2026-08-31,2026-08-26,35,104.38,0,Received
PO-000255,SUP-030,PRT-0071,2026-01-10,2026-03-21,2026-03-19,75,50.1,2,Received
PO-000256,SUP-014,PRT-0072,2025-10-28,2025-11-24,2025-11-17,15,764.37,1,Received
PO-000257,SUP-010,PRT-0035,2025-11-11,2026-01-01,2026-01-13,253,414.68,2,Received
PO-000258,SUP-004,PRT-0040,2026-05-07,2026-07-13,2026-08-09,114,168.02,3,Received
PO-000259,SUP-004,PRT-0017,2026-05-28,2026-07-18,2026-07-15,88,12.99,4,Received
PO-000260,SUP-015,PRT-0066,2026-03-10,2026-05-12,2026-05-08,70,96.85,1,Received
PO-000261,SUP-012,PRT-0026,2025-12-29,2026-03-09,2026-03-09,233,304.93,8,Received
PO-000262,SUP-040,PRT-0049,2026-01-14,2026-02-15,2026-02-11,270,232.9,0,Received
PO-000263,SUP-023,PRT-0039,2026-05-23,2026-08-16,2026-09-06,37,564.24,0,Received
PO-000264,SUP-008,PRT-0045,2026-05-16,2026-08-06,2026-08-16,381,1210.36,0,Received
PO-000265,SUP-037,PRT-0013,2026-07-23,2026-09-09,2026-09-07,313,304.12,2,Received
PO-000266,SUP-028,PRT-0043,2026-04-27,2026-06-24,2026-06-16,282,39.89,2,Received
PO-000267,SUP-014,PRT-0086,2026-09-13,2026-10-10,2026-10-08,182,101.71,1,Received
PO-000268,SUP-003,PRT-0021,2026-05-15,2026-06-27,2026-06-27,343,144.35,2,Received
PO-000269,SUP-022,PRT-0012,2026-04-05,2026-05-20,2026-05-17,179,795.53,4,Received
PO-000270,SUP-009,PRT-0065,2025-11-05,2026-01-24,2026-01-16,106,414.13,0,Received
PO-000271,SUP-009,PRT-0065,2026-04-15,2026-05-18,2026-05-10,140,414.53,2,Received
PO-000272,SUP-018,PRT-0007,2026-07-30,2026-09-25,2026-09-25,122,168.68,1,Received
PO-000273,SUP-018,PRT-0025,2026-08-08,2026-10-06,2026-10-05,215,779.63,3,Received
PO-000274,SUP-010,PRT-0014,2026-01-04,2026-02-25,2026-02-23,304,95.94,3,Received
PO-000275,SUP-019,PRT-0078,2025-10-25,2025-11-28,2025-11-26,107,185.39,2,Received
PO-000276,SUP-019,PRT-0044,2026-02-25,2026-05-06,2026-05-31,148,106.83,3,Received
PO-000277,SUP-008,PRT-0028,2025-10-18,2025-11-12,2025-11-08,278,130.32,3,Received
PO-000278,SUP-020,PRT-0067,2026-02-09,2026-03-12,2026-03-09,356,564.29,5,Received
PO-000279,SUP-026,PRT-0047,2025-10-30,2026-01-02,2025-12-30,412,420.08,3,Received
PO-000280,SUP-011,PRT-0055,2026-09-08,2026-11-01,2026-10-25,86,91.84,0,Received
PO-000281,SUP-040,PRT-0003,2026-07-07,2026-09-29,2026-09-22,93,552.14,0,Received
PO-000282,SUP-009,PRT-0068,2026-05-04,2026-07-27,2026-07-20,234,175.83,5,Received
PO-000283,SUP-020,PRT-0067,2026-01-04,2026-03-04,2026-02-27,374,589.54,9,Received
PO-000284,SUP-039,PRT-0071,2026-01-08,2026-02-06,2026-02-05,220,47.36,2,Received
PO-000285,SUP-015,PRT-0037,2025-10-21,2025-12-04,2025-12-03,290,755.44,0,Received
PO-000286,SUP-011,PRT-0055,2026-07-05,2026-09-05,2026-09-05,261,87.05,5,Received
PO-000287,SUP-038,PRT-0046,2025-12-15,2026-02-11,2026-02-03,310,33.71,4,Received
PO-000288,SUP-037,PRT-0022,2026-09-07,2026-11-26,2026-11-24,207,78.68,3,Received
PO-000289,SUP-009,PRT-0004,2026-05-10,2026-07-02,2026-06-24,407,333.01,8,Received
PO-000290,SUP-002,PRT-0012,2026-06-30,2026-07-30,2026-07-23,58,886.67,2,Received
PO-000291,SUP-005,PRT-0021,2026-04-13,2026-06-14,2026-06-13,180,162.59,0,Received
PO-000292,SUP-018,PRT-0084,2026-02-14,2026-04-16,2026-04-14,124,241.19,0,Received
PO-000293,SUP-008,PRT-0028,2025-12-23,2026-02-08,2026-02-03,258,128.62,0,Received
PO-000294,SUP-038,PRT-0004,2026-02-07,2026-04-10,2026-04-04,363,364.4,1,Received
PO-000295,SUP-010,PRT-0011,2026-02-09,2026-03-09,2026-04-04,272,278.12,8,Received
PO-000296,SUP-035,PRT-0080,2026-08-11,2026-10-30,2026-10-30,407,187.58,3,Received
PO-000297,SUP-038,PRT-0004,2025-10-25,2025-12-23,2025-12-23,385,371.97,4,Received
PO-000298,SUP-032,PRT-0072,2026-07-24,2026-10-15,2026-10-09,381,742.72,8,Received
PO-000299,SUP-018,PRT-0084,2026-02-28,2026-05-08,2026-05-07,318,250.19,8,Received
PO-000300,SUP-012,PRT-0087,2026-09-21,2026-11-23,2026-11-16,414,165.29,10,Received
PO-000301,SUP-008,PRT-0028,2026-06-04,2026-08-05,2026-07-29,87,133.06,0,Received
PO-000302,SUP-039,PRT-0071,2026-06-01,2026-07-11,2026-07-22,23,44.16,1,Received
PO-000303,SUP-020,PRT-0029,2026-09-16,2026-10-14,2026-10-12,28,507.42,0,Received
PO-000304,SUP-026,PRT-0019,2026-07-24,2026-08-18,2026-08-12,67,256.88,0,Received
PO-000305,SUP-028,PRT-0009,2025-12-04,2026-02-12,2026-02-12,388,178.17,8,Received
PO-000306,SUP-008,PRT-0045,2026-01-24,2026-04-10,2026-04-12,344,1210.17,4,Received
PO-000307,SUP-005,PRT-0018,2026-01-22,2026-03-18,2026-03-18,418,73.7,10,Received
PO-000308,SUP-034,PRT-0027,2026-03-22,2026-04-25,2026-04-17,240,709.94,3,Received
PO-000309,SUP-026,PRT-0047,2025-10-23,2025-12-08,2025-12-02,273,440.93,2,Received
PO-000310,SUP-001,PRT-0046,2026-08-18,2026-09-28,2026-09-27,41,32.06,1,Received
PO-000311,SUP-016,PRT-0013,2026-08-07,2026-09-04,2026-09-04,266,338.78,5,Received
PO-000312,SUP-017,PRT-0042,2026-03-18,2026-06-10,2026-06-02,395,628.19,11,Received
PO-000313,SUP-016,PRT-0085,2026-04-08,2026-05-04,2026-05-04,298,66.4,3,Received
PO-000314,SUP-008,PRT-0028,2025-10-10,2025-12-06,2025-11-30,416,125.38,2,Received
PO-000315,SUP-037,PRT-0069,2026-06-10,2026-08-14,2026-08-07,310,108.78,6,Received
PO-000316,SUP-001,PRT-0046,2026-08-29,2026-09-29,2026-10-07,318,33.17,10,Received
PO-000317,SUP-016,PRT-0033,2025-12-11,2026-02-01,2026-01-25,156,986.35,3,Received
PO-000318,SUP-025,PRT-0050,2026-02-02,2026-03-30,2026-03-25,364,284.14,3,Received
PO-000319,SUP-030,PRT-0009,2026-02-03,2026-04-02,2026-04-02,148,154.93,2,Received
PO-000320,SUP-001,PRT-0027,2026-03-17,2026-05-21,2026-05-13,230,657.56,8,Received
PO-000321,SUP-030,PRT-0009,2026-01-06,2026-02-01,2026-01-26,74,156.88,5,Received
PO-000322,SUP-014,PRT-0008,2026-07-08,2026-08-21,2026-08-14,304,455.44,4,Received
PO-000323,SUP-030,PRT-0071,2026-08-27,2026-10-18,2026-10-14,36,51.16,2,Received
PO-000324,SUP-037,PRT-0022,2025-12-23,2026-02-02,2026-02-02,242,81.15,3,Received
PO-000325,SUP-010,PRT-0011,2025-10-26,2026-01-15,2026-01-12,99,277.06,2,Received
PO-000326,SUP-003,PRT-0081,2026-01-09,2026-03-04,2026-03-04,327,101.14,3,Received
PO-000327,SUP-001,PRT-0027,2026-08-30,2026-11-12,2026-11-11,312,611.84,5,Received
PO-000328,SUP-030,PRT-0009,2026-07-10,2026-08-14,2026-08-06,61,156.47,1,Received
PO-000329,SUP-035,PRT-0063,2026-02-03,2026-04-02,2026-03-30,110,138.73,1,Received
PO-000330,SUP-026,PRT-0019,2025-11-27,2026-01-06,2025-12-29,337,249.58,5,Received
PO-000331,SUP-026,PRT-0067,2026-04-13,2026-05-25,2026-05-24,219,520.21,2,Received
PO-000332,SUP-038,PRT-0004,2025-11-26,2026-02-08,2026-03-08,287,344.51,5,Received
PO-000333,SUP-004,PRT-0063,2026-06-05,2026-08-11,2026-08-08,279,123.61,4,Received
PO-000334,SUP-004,PRT-0063,2026-07-09,2026-09-07,2026-10-04,208,120.35,9,Received
PO-000335,SUP-024,PRT-0025,2026-03-17,2026-05-11,2026-05-06,268,659.58,5,Received
PO-000336,SUP-003,PRT-0057,2026-08-02,2026-09-26,2026-09-22,410,153.83,4,Received
PO-000337,SUP-020,PRT-0029,2026-05-30,2026-08-01,2026-07-30,55,501.79,3,Received
PO-000338,SUP-018,PRT-0066,2026-01-30,2026-04-15,2026-04-12,319,114.2,2,Received
PO-000339,SUP-024,PRT-0058,2026-09-23,2026-11-10,2026-11-04,74,307.51,1,Received
PO-000340,SUP-026,PRT-0063,2026-01-03,2026-02-15,2026-02-14,258,120.48,4,Received
PO-000341,SUP-007,PRT-0032,2026-01-26,2026-03-01,2026-02-26,69,69.65,1,Received
PO-000342,SUP-030,PRT-0071,2026-02-22,2026-03-28,2026-03-24,372,51.4,5,Received
PO-000343,SUP-019,PRT-0044,2025-12-12,2026-01-25,2026-01-18,285,100.39,4,Received
PO-000344,SUP-032,PRT-0027,2026-09-16,2026-10-12,2026-10-09,147,638.56,1,Received
PO-000345,SUP-037,PRT-0010,2026-09-02,2026-10-22,2026-11-11,133,200.75,2,Received
PO-000346,SUP-013,PRT-0045,2026-02-12,2026-04-16,2026-04-13,202,1297.0,3,Received
PO-000347,SUP-024,PRT-0082,2026-09-21,2026-11-30,2026-11-24,162,78.64,7,Received
PO-000348,SUP-014,PRT-0086,2026-03-31,2026-06-08,2026-05-31,351,97.89,6,Received
PO-000349,SUP-007,PRT-0010,2025-11-02,2026-01-02,2025-12-28,157,212.19,1,Received
PO-000350,SUP-030,PRT-0071,2026-01-28,2026-03-13,2026-03-13,397,49.61,14,Received
PO-000351,SUP-017,PRT-0089,2026-06-17,2026-08-09,2026-08-03,112,158.73,0,Received
PO-000352,SUP-034,PRT-0027,2025-10-10,2025-12-25,2025-12-17,261,732.64,5,Received
PO-000353,SUP-007,PRT-0053,2026-01-24,2026-04-04,2026-04-02,286,118.52,9,Received
PO-000354,SUP-015,PRT-0066,2025-10-15,2025-11-13,2025-12-03,153,96.34,0,Received
PO-000355,SUP-004,PRT-0040,2026-05-05,2026-07-20,2026-08-13,165,175.43,6,Received
PO-000356,SUP-030,PRT-0031,2026-01-25,2026-04-03,2026-05-02,214,101.99,6,Received
PO-000357,SUP-013,PRT-0010,2026-05-06,2026-07-05,2026-06-28,22,203.77,0,Received
PO-000358,SUP-021,PRT-0078,2026-08-12,2026-10-27,2026-10-27,88,205.62,2,Received
PO-000359,SUP-028,PRT-0009,2026-03-12,2026-06-05,2026-05-28,243,189.94,2,Received
PO-000360,SUP-009,PRT-0068,2025-10-08,2025-12-12,2025-12-07,70,178.39,0,Received
PO-000361,SUP-032,PRT-0039,2026-08-08,2026-09-11,2026-09-05,395,690.83,5,Received
PO-000362,SUP-007,PRT-0032,2026-08-30,2026-11-01,2026-11-08,332,67.51,2,Received
PO-000363,SUP-002,PRT-0059,2026-06-08,2026-07-18,2026-07-12,282,109.88,1,Received
PO-000364,SUP-018,PRT-0007,2026-02-10,2026-05-01,2026-05-30,331,158.05,4,Received
PO-000365,SUP-009,PRT-0076,2026-08-21,2026-11-03,2026-10-29,220,309.01,3,Received
PO-000366,SUP-009,PRT-0065,2026-04-19,2026-05-13,2026-05-06,40,410.21,1,Received
PO-000367,SUP-039,PRT-0084,2025-11-07,2026-01-15,2026-01-15,331,238.9,3,Received
PO-000368,SUP-007,PRT-0010,2026-08-22,2026-09-18,2026-09-14,53,222.06,0,Received
PO-000369,SUP-039,PRT-0084,2026-07-06,2026-08-01,2026-07-27,138,244.94,4,Received
PO-000370,SUP-024,PRT-0058,2026-04-16,2026-06-16,2026-06-12,343,316.35,3,Received
PO-000371,SUP-024,PRT-0025,2025-12-10,2026-01-29,2026-01-27,277,637.35,5,Received
PO-000372,SUP-007,PRT-0061,2026-07-31,2026-09-25,2026-09-25,130,59.48,4,Received
PO-000373,SUP-008,PRT-0076,2026-03-12,2026-05-16,2026-05-15,64,295.29,0,Received
PO-000374,SUP-002,PRT-0059,2026-01-13,2026-04-06,2026-04-04,248,100.01,1,Received
PO-000375,SUP-031,PRT-0086,2026-06-09,2026-07-29,2026-07-22,274,101.55,0,Received
PO-000376,SUP-009,PRT-0068,2025-11-07,2025-12-30,2025-12-22,296,175.73,2,Received
PO-000377,SUP-011,PRT-0055,2026-07-22,2026-10-13,2026-10-12,65,86.7,1,Received
PO-000378,SUP-030,PRT-0031,2025-10-19,2025-12-06,2025-12-05,281,99.31,7,Received
PO-000379,SUP-015,PRT-0052,2025-10-31,2025-12-29,2026-01-25,153,354.22,1,Received
PO-000380,SUP-003,PRT-0075,2026-07-27,2026-09-08,2026-09-30,351,110.92,1,Received
PO-000381,SUP-010,PRT-0028,2026-01-13,2026-03-23,2026-04-22,396,119.96,9,Received
PO-000382,SUP-037,PRT-0069,2026-07-16,2026-09-12,2026-09-14,96,111.52,0,Received
PO-000383,SUP-026,PRT-0019,2025-11-19,2026-02-11,2026-02-16,368,241.33,1,Received
PO-000384,SUP-004,PRT-0063,2026-01-12,2026-02-16,2026-02-10,201,114.21,7,Received
PO-000385,SUP-011,PRT-0055,2026-03-10,2026-04-26,2026-04-18,192,89.13,0,Received
PO-000386,SUP-010,PRT-0011,2026-01-15,2026-02-24,2026-03-21,249,282.16,3,Received
PO-000387,SUP-037,PRT-0013,2026-09-19,2026-11-24,2026-12-16,294,293.38,7,Received
PO-000388,SUP-039,PRT-0084,2026-07-01,2026-09-14,2026-09-09,210,244.13,5,Received
PO-000389,SUP-007,PRT-0082,2026-01-15,2026-03-13,2026-03-28,225,75.68,5,Received
PO-000390,SUP-024,PRT-0082,2026-01-04,2026-02-04,2026-02-03,209,79.4,6,Received
PO-000391,SUP-005,PRT-0018,2025-11-18,2025-12-31,2025-12-25,321,73.89,10,Received
PO-000392,SUP-036,PRT-0062,2025-11-19,2026-01-01,2025-12-29,115,283.09,0,Received
PO-000393,SUP-034,PRT-0060,2026-06-10,2026-07-25,2026-07-18,271,100.1,4,Received
PO-000394,SUP-030,PRT-0009,2026-05-07,2026-06-07,2026-06-04,117,156.93,3,Received
PO-000395,SUP-007,PRT-0061,2026-09-12,2026-10-07,2026-10-05,361,59.38,12,Received
PO-000396,SUP-030,PRT-0031,2026-07-17,2026-08-10,2026-08-15,143,93.62,4,Received
PO-000397,SUP-037,PRT-0013,2026-01-31,2026-03-02,2026-02-25,142,303.68,3,Received
PO-000398,SUP-036,PRT-0001,2026-03-20,2026-04-17,2026-04-09,40,214.9,0,Received
PO-000399,SUP-008,PRT-0062,2026-02-13,2026-04-23,2026-04-20,271,268.13,2,Received
PO-000400,SUP-002,PRT-0012,2025-12-31,2026-02-25,2026-02-20,214,918.05,0,Received
PO-000401,SUP-008,PRT-0054,2025-10-01,2025-12-02,2025-11-30,251,340.17,0,Received
PO-000402,SUP-003,PRT-0021,2026-09-24,2026-12-13,2026-12-10,151,138.76,1,Received
PO-000403,SUP-007,PRT-0008,2026-06-16,2026-09-04,2026-08-29,144,581.35,3,Received
PO-000404,SUP-027,PRT-0052,2026-09-16,2026-12-05,2026-11-27,24,343.3,0,Received
PO-000405,SUP-004,PRT-0063,2025-10-03,2025-12-02,2025-12-05,334,121.05,11,Received
PO-000406,SUP-007,PRT-0086,2026-08-08,2026-10-23,2026-10-21,284,98.58,7,Received
PO-000407,SUP-008,PRT-0076,2026-02-12,2026-04-13,2026-04-06,372,303.35,4,Received
PO-000408,SUP-020,PRT-0029,2026-07-24,2026-09-04,2026-09-06,213,512.38,2,Received
PO-000409,SUP-036,PRT-0043,2025-11-03,2026-01-22,2026-01-17,307,42.29,1,Received
PO-000410,SUP-008,PRT-0028,2026-03-01,2026-05-24,2026-05-24,154,133.22,7,Received
PO-000411,SUP-026,PRT-0051,2026-05-21,2026-07-05,2026-06-29,60,213.63,0,Received
PO-000412,SUP-018,PRT-0084,2026-08-15,2026-09-11,2026-09-03,338,245.84,4,Received
PO-000413,SUP-036,PRT-0062,2025-12-02,2026-01-25,2026-01-18,310,287.31,2,Received
PO-000414,SUP-005,PRT-0018,2025-10-15,2026-01-04,2025-12-29,327,69.28,7,Received
PO-000415,SUP-007,PRT-0015,2026-07-24,2026-08-20,2026-08-14,56,144.12,0,Received
PO-000416,SUP-032,PRT-0072,2026-07-05,2026-09-08,2026-09-01,242,703.55,3,Received
PO-000417,SUP-007,PRT-0055,2026-07-16,2026-09-24,2026-09-24,27,71.52,1,Received
PO-000418,SUP-040,PRT-0064,2026-03-03,2026-04-16,2026-04-10,329,139.86,0,Received
PO-000419,SUP-036,PRT-0014,2025-12-11,2026-01-20,2026-01-17,112,96.05,1,Received
PO-000420,SUP-015,PRT-0034,2026-08-07,2026-09-23,2026-10-15,131,648.27,1,Received
PO-000421,SUP-036,PRT-0014,2026-09-23,2026-11-30,2026-11-22,151,94.59,0,Received
PO-000422,SUP-005,PRT-0088,2026-02-11,2026-05-01,2026-04-29,335,1336.7,4,Received
PO-000423,SUP-004,PRT-0040,2026-03-13,2026-04-17,2026-04-09,266,166.35,3,Received
PO-000424,SUP-032,PRT-0015,2026-06-12,2026-08-19,2026-08-14,221,157.77,1,Received
PO-000425,SUP-036,PRT-0016,2026-01-24,2026-04-19,2026-04-11,409,962.65,2,Received
PO-000426,SUP-016,PRT-0033,2026-04-04,2026-06-10,2026-06-05,400,989.73,5,Received
PO-000427,SUP-007,PRT-0082,2025-11-05,2026-01-21,2026-02-16,158,79.33,3,Received
PO-000428,SUP-027,PRT-0054,2026-04-10,2026-06-28,2026-06-20,403,345.6,7,Received
PO-000429,SUP-005,PRT-0018,2025-12-18,2026-02-15,2026-02-10,292,71.16,5,Received
PO-000430,SUP-014,PRT-0022,2026-03-01,2026-03-29,2026-03-21,38,72.05,2,Received
PO-000431,SUP-003,PRT-0081,2026-08-18,2026-09-28,2026-09-21,224,97.13,1,Received
PO-000432,SUP-007,PRT-0053,2025-11-20,2026-01-29,2026-01-22,118,113.0,3,Received
PO-000433,SUP-024,PRT-0064,2026-02-27,2026-04-05,2026-03-30,386,136.66,6,Received
PO-000434,SUP-009,PRT-0065,2026-07-26,2026-10-17,2026-10-14,141,397.42,2,Received
PO-000435,SUP-024,PRT-0057,2026-02-18,2026-03-29,2026-04-01,111,159.53,2,Received
PO-000436,SUP-019,PRT-0076,2026-06-08,2026-08-06,2026-09-05,279,322.12,3,Received
PO-000437,SUP-034,PRT-0030,2026-08-04,2026-09-09,2026-09-08,157,162.07,1,Received
PO-000438,SUP-022,PRT-0012,2026-05-02,2026-07-07,2026-06-29,386,783.21,4,Received
PO-000439,SUP-020,PRT-0023,2026-08-11,2026-09-06,2026-08-31,21,151.5,1,Received
PO-000440,SUP-012,PRT-0026,2026-07-10,2026-08-27,2026-08-25,355,318.62,7,Received
PO-000441,SUP-028,PRT-0043,2026-04-03,2026-06-07,2026-06-18,18,39.24,0,Received
PO-000442,SUP-010,PRT-0014,2026-08-06,2026-10-08,2026-11-05,389,93.91,9,Received
PO-000443,SUP-020,PRT-0023,2026-08-23,2026-10-05,2026-10-03,204,151.86,1,Received
PO-000444,SUP-036,PRT-0058,2026-06-25,2026-09-14,2026-09-07,338,299.37,0,Received
PO-000445,SUP-013,PRT-0045,2025-10-20,2025-11-13,2025-11-09,146,1347.38,2,Received
PO-000446,SUP-009,PRT-0076,2026-06-19,2026-08-13,2026-08-11,274,318.88,6,Received
PO-000447,SUP-024,PRT-0057,2026-05-21,2026-06-29,2026-06-22,194,157.35,5,Received
PO-000448,SUP-028,PRT-0009,2025-10-03,2025-10-31,2025-10-28,360,177.17,3,Received
PO-000449,SUP-016,PRT-0024,2026-07-31,2026-10-16,2026-10-18,171,57.37,1,Received
PO-000450,SUP-014,PRT-0086,2025-11-07,2025-12-18,2025-12-14,130,105.01,2,Received
PO-000451,SUP-006,PRT-0078,2025-11-18,2026-01-21,2026-01-19,19,182.5,0,Received
PO-000452,SUP-005,PRT-0039,2026-07-15,2026-09-17,2026-09-12,385,600.03,7,Received
PO-000453,SUP-022,PRT-0050,2026-04-14,2026-05-26,2026-05-23,326,268.47,4,Received
PO-000454,SUP-008,PRT-0076,2026-07-19,2026-08-31,2026-08-24,228,305.03,2,Received
PO-000455,SUP-036,PRT-0014,2026-08-22,2026-10-07,2026-11-01,252,88.1,0,Received
PO-000456,SUP-017,PRT-0049,2026-09-27,2026-10-28,2026-10-26,18,223.17,0,Received
PO-000457,SUP-005,PRT-0079,2026-02-25,2026-04-09,2026-05-04,258,229.61,5,Received
PO-000458,SUP-003,PRT-0075,2026-06-07,2026-08-03,2026-07-27,280,109.08,1,Received
PO-000459,SUP-021,PRT-0045,2026-04-30,2026-07-08,2026-07-01,212,1398.55,2,Received
PO-000460,SUP-035,PRT-0059,2025-10-22,2025-12-16,2025-12-13,35,95.76,1,Received
PO-000461,SUP-017,PRT-0042,2025-12-21,2026-03-05,2026-02-25,129,628.66,1,Received
PO-000462,SUP-032,PRT-0027,2025-12-08,2026-01-11,2026-01-04,130,667.53,1,Received
PO-000463,SUP-008,PRT-0028,2026-08-19,2026-10-27,2026-10-25,251,126.4,7,Received
PO-000464,SUP-014,PRT-0022,2026-02-01,2026-04-09,2026-04-02,318,70.56,3,Received
PO-000465,SUP-032,PRT-0015,2026-05-26,2026-08-03,2026-07-28,176,159.69,6,Received
PO-000466,SUP-011,PRT-0055,2026-09-18,2026-11-15,2026-11-12,243,91.12,1,Received
PO-000467,SUP-018,PRT-0025,2025-12-28,2026-02-22,2026-02-17,125,797.42,2,Received
PO-000468,SUP-039,PRT-0071,2026-03-03,2026-05-06,2026-05-05,20,45.68,0,Received
PO-000469,SUP-016,PRT-0074,2026-06-12,2026-07-16,2026-07-14,24,27.12,1,Received
PO-000470,SUP-007,PRT-0015,2026-07-25,2026-09-08,2026-09-04,413,141.5,5,Received
PO-000471,SUP-007,PRT-0036,2026-05-30,2026-08-01,2026-07-25,102,175.01,3,Received
PO-000472,SUP-003,PRT-0075,2026-06-22,2026-07-29,2026-07-21,89,109.0,1,Received
PO-000473,SUP-022,PRT-0050,2026-07-07,2026-09-11,2026-09-07,291,263.13,4,Received
PO-000474,SUP-010,PRT-0011,2026-05-14,2026-06-18,2026-06-11,122,269.22,4,Received
PO-000475,SUP-017,PRT-0042,2025-12-24,2026-03-01,2026-02-25,198,615.07,5,Received
PO-000476,SUP-017,PRT-0089,2026-09-26,2026-10-24,2026-10-24,410,166.07,8,Received
PO-000477,SUP-039,PRT-0071,2026-05-15,2026-06-27,2026-06-27,85,48.49,1,Received
PO-000478,SUP-011,PRT-0055,2026-02-11,2026-04-01,2026-03-30,317,90.94,4,Received
PO-000479,SUP-008,PRT-0076,2025-11-01,2025-12-26,2026-01-06,302,277.56,2,Received
PO-000480,SUP-022,PRT-0012,2026-02-01,2026-04-08,2026-04-03,231,768.12,2,Received
PO-000481,SUP-006,PRT-0078,2026-03-05,2026-04-20,2026-05-15,81,184.26,0,Received
PO-000482,SUP-020,PRT-0074,2026-07-31,2026-10-24,2026-10-27,40,23.53,0,Received
PO-000483,SUP-037,PRT-0069,2026-01-07,2026-01-31,2026-02-02,314,115.28,5,Received
PO-000484,SUP-023,PRT-0039,2026-02-10,2026-04-10,2026-04-02,286,618.88,0,Received
PO-000485,SUP-028,PRT-0070,2025-12-15,2026-02-05,2026-01-31,279,95.64,1,Received
PO-000486,SUP-006,PRT-0077,2026-06-09,2026-08-27,2026-08-19,15,207.05,0,Received
PO-000487,SUP-019,PRT-0078,2026-06-14,2026-07-30,2026-07-25,336,190.14,2,Received
PO-000488,SUP-007,PRT-0010,2025-11-22,2026-02-12,2026-02-20,383,219.34,8,Received
PO-000489,SUP-015,PRT-0037,2026-06-15,2026-08-17,2026-09-11,272,741.84,1,Received
PO-000490,SUP-032,PRT-0015,2026-06-06,2026-07-09,2026-07-06,69,166.04,1,Received
PO-000491,SUP-005,PRT-0053,2025-12-07,2026-01-03,2026-01-13,297,132.39,3,Received
PO-000492,SUP-003,PRT-0075,2026-03-10,2026-06-01,2026-05-27,150,113.15,2,Received
PO-000493,SUP-013,PRT-0045,2025-12-06,2026-01-02,2026-01-19,374,1353.38,6,Received
PO-000494,SUP-035,PRT-0059,2026-06-22,2026-07-19,2026-07-19,292,100.21,3,Received
PO-000495,SUP-008,PRT-0028,2025-11-30,2026-02-22,2026-02-22,392,130.54,4,Received
PO-000496,SUP-007,PRT-0008,2025-10-24,2025-11-28,2025-11-21,50,571.68,2,Received
PO-000497,SUP-008,PRT-0076,2025-11-18,2026-01-07,2026-01-21,70,288.23,0,Received
PO-000498,SUP-004,PRT-0040,2026-08-23,2026-11-09,2026-11-07,363,165.17,8,Received
PO-000499,SUP-026,PRT-0063,2025-10-26,2025-12-03,2025-12-09,215,124.35,6,Received
PO-000500,SUP-005,PRT-0079,2026-01-30,2026-04-17,2026-04-17,76,218.35,1,Received
PO-000501,SUP-019,PRT-0078,2026-09-02,2026-10-14,2026-10-18,20,183.28,0,Received
PO-000502,SUP-026,PRT-0047,2026-09-30,2026-11-15,2026-11-09,400,422.14,7,Received
PO-000503,SUP-025,PRT-0056,2026-07-25,2026-09-18,2026-09-10,205,201.98,2,Received
PO-000504,SUP-007,PRT-0008,2026-03-30,2026-04-27,2026-05-12,337,585.54,4,Received
PO-000505,SUP-014,PRT-0072,2026-02-10,2026-04-14,2026-04-12,180,768.5,4,Received
PO-000506,SUP-032,PRT-0015,2026-07-21,2026-09-06,2026-08-30,33,170.38,1,Received
PO-000507,SUP-014,PRT-0008,2026-09-28,2026-12-08,2026-12-07,72,482.96,0,Received
PO-000508,SUP-009,PRT-0076,2026-09-20,2026-12-11,2026-12-06,96,302.66,1,Received
PO-000509,SUP-009,PRT-0004,2025-10-06,2025-11-28,2025-11-22,338,329.64,4,Received
PO-000510,SUP-012,PRT-0026,2026-08-20,2026-10-31,2026-11-28,215,318.59,5,Received
PO-000511,SUP-009,PRT-0025,2025-10-10,2025-11-07,2025-11-04,182,739.87,0,Received
PO-000512,SUP-015,PRT-0034,2026-06-04,2026-08-09,2026-08-03,72,647.01,1,Received
PO-000513,SUP-029,PRT-0051,2026-04-18,2026-07-07,2026-07-01,149,250.47,1,Received
PO-000514,SUP-029,PRT-0062,2026-07-12,2026-08-10,2026-08-06,379,232.01,2,Received
PO-000515,SUP-014,PRT-0008,2025-11-13,2026-01-19,2026-01-15,112,487.13,1,Received
PO-000516,SUP-035,PRT-0071,2026-02-23,2026-05-11,2026-05-09,360,46.16,3,Received
PO-000517,SUP-016,PRT-0033,2026-09-01,2026-11-25,2026-11-21,152,939.68,2,Received
PO-000518,SUP-026,PRT-0063,2025-12-25,2026-01-19,2026-01-12,70,127.69,0,Received
PO-000519,SUP-026,PRT-0047,2026-06-15,2026-08-03,2026-07-30,284,437.22,2,Received
PO-000520,SUP-036,PRT-0062,2026-08-05,2026-10-28,2026-10-24,238,268.24,1,Received
PO-000521,SUP-028,PRT-0009,2026-03-17,2026-05-01,2026-04-24,182,177.42,2,Received
PO-000522,SUP-021,PRT-0078,2026-05-06,2026-07-22,2026-07-20,40,207.51,1,Received
PO-000523,SUP-035,PRT-0059,2025-12-05,2026-01-19,2026-02-08,368,98.4,2,Received
PO-000524,SUP-005,PRT-0079,2026-02-12,2026-04-04,2026-03-29,76,234.73,1,Received
PO-000525,SUP-032,PRT-0072,2025-10-14,2025-12-05,2025-12-04,18,693.83,0,Received
PO-000526,SUP-030,PRT-0031,2026-03-05,2026-05-12,2026-05-05,66,100.58,0,Received
PO-000527,SUP-018,PRT-0084,2026-05-05,2026-07-28,2026-07-22,265,243.79,5,Received
PO-000528,SUP-007,PRT-0015,2026-06-03,2026-07-25,2026-07-25,228,134.14,4,Received
PO-000529,SUP-018,PRT-0025,2026-01-14,2026-04-08,2026-04-01,145,773.38,2,Received
PO-000530,SUP-003,PRT-0020,2025-11-05,2026-01-10,2026-01-09,196,72.66,4,Received
PO-000531,SUP-037,PRT-0010,2026-06-11,2026-07-07,2026-07-02,19,185.55,0,Received
PO-000532,SUP-007,PRT-0032,2026-03-10,2026-06-02,2026-05-31,115,71.7,2,Received
PO-000533,SUP-006,PRT-0077,2025-11-01,2025-12-26,2025-12-25,120,211.89,0,Received
PO-000534,SUP-017,PRT-0089,2026-02-05,2026-03-21,2026-03-20,123,156.3,2,Received
PO-000535,SUP-034,PRT-0080,2025-12-23,2026-03-06,2026-03-02,329,203.39,9,Received
PO-000536,SUP-006,PRT-0077,2025-10-25,2025-12-08,2025-12-04,337,218.37,3,Received
PO-000537,SUP-020,PRT-0067,2026-04-13,2026-05-22,2026-06-04,63,548.93,2,Received
PO-000538,SUP-002,PRT-0059,2026-04-06,2026-06-19,2026-06-17,406,100.18,5,Received
PO-000539,SUP-008,PRT-0045,2026-04-20,2026-05-30,2026-05-22,42,1316.29,0,Received
PO-000540,SUP-024,PRT-0057,2026-01-06,2026-02-10,2026-02-09,342,152.44,6,Received
PO-000541,SUP-018,PRT-0084,2026-02-14,2026-05-09,2026-05-01,381,246.98,8,Received
PO-000542,SUP-020,PRT-0023,2026-08-03,2026-09-16,2026-09-19,293,167.6,5,Received
PO-000543,SUP-034,PRT-0030,2026-05-27,2026-08-04,2026-08-07,302,157.02,7,Received
PO-000544,SUP-035,PRT-0063,2026-09-15,2026-12-09,2026-12-04,27,127.25,0,Received
PO-000545,SUP-038,PRT-0046,2026-04-15,2026-06-12,2026-06-11,91,32.18,1,Received
PO-000546,SUP-035,PRT-0059,2026-08-21,2026-10-25,2026-11-20,92,104.67,0,Received
PO-000547,SUP-024,PRT-0064,2026-07-12,2026-08-17,2026-08-10,207,140.49,2,Received
PO-000548,SUP-024,PRT-0082,2025-11-04,2026-01-13,2026-01-08,131,79.24,2,Received
PO-000549,SUP-032,PRT-0015,2026-01-24,2026-02-20,2026-02-16,288,164.67,7,Received
PO-000550,SUP-020,PRT-0067,2026-03-14,2026-04-25,2026-04-30,223,565.6,4,Received
PO-000551,SUP-008,PRT-0054,2026-06-21,2026-09-08,2026-09-03,285,369.08,2,Received
PO-000552,SUP-002,PRT-0029,2026-08-26,2026-10-08,2026-10-04,408,576.38,2,Received
PO-000553,SUP-018,PRT-0066,2026-07-06,2026-09-20,2026-09-16,364,108.6,4,Received
PO-000554,SUP-003,PRT-0081,2026-03-26,2026-06-07,2026-05-31,324,98.44,2,Received
PO-000555,SUP-019,PRT-0076,2026-03-15,2026-06-08,2026-06-01,181,305.81,4,Received
PO-000556,SUP-015,PRT-0052,2026-04-10,2026-06-07,2026-06-06,235,360.97,0,Received
PO-000557,SUP-024,PRT-0058,2026-05-13,2026-06-22,2026-06-14,124,296.97,3,Received
PO-000558,SUP-019,PRT-0048,2026-08-21,2026-10-10,2026-10-10,406,377.83,7,Received
PO-000559,SUP-026,PRT-0008,2026-08-22,2026-10-19,2026-10-14,148,471.46,3,Received
PO-000560,SUP-024,PRT-0057,2025-11-04,2026-01-14,2026-01-08,172,166.43,2,Received
PO-000561,SUP-012,PRT-0087,2025-11-23,2026-01-13,2026-01-13,104,166.84,0,Received
PO-000562,SUP-026,PRT-0008,2025-10-06,2025-11-12,2025-11-05,342,490.27,5,Received
PO-000563,SUP-039,PRT-0087,2026-09-11,2026-12-04,2026-12-02,45,160.61,1,Received
PO-000564,SUP-031,PRT-0086,2025-11-21,2026-02-07,2026-02-06,318,100.32,0,Received
PO-000565,SUP-032,PRT-0039,2026-07-17,2026-09-10,2026-09-04,310,699.52,7,Received
PO-000566,SUP-032,PRT-0039,2025-10-23,2025-12-20,2025-12-27,33,669.89,0,Received
PO-000567,SUP-029,PRT-0083,2026-01-08,2026-03-24,2026-03-17,296,152.82,2,Received
PO-000568,SUP-009,PRT-0025,2025-11-25,2026-01-05,2025-12-29,347,767.2,6,Received
PO-000569,SUP-016,PRT-0024,2025-11-03,2026-01-19,2026-02-02,366,63.75,3,Received
PO-000570,SUP-035,PRT-0071,2026-08-02,2026-10-19,2026-10-13,265,43.64,3,Received
PO-000571,SUP-028,PRT-0070,2025-12-17,2026-02-01,2026-02-20,328,99.49,6,Received
PO-000572,SUP-039,PRT-0071,2026-09-23,2026-11-15,2026-11-12,282,49.21,2,Received
PO-000573,SUP-014,PRT-0006,2026-04-17,2026-05-31,2026-05-29,387,248.44,11,Received
PO-000574,SUP-004,PRT-0041,2026-08-13,2026-10-22,2026-10-20,207,250.39,3,Received
PO-000575,SUP-001,PRT-0027,2026-04-06,2026-05-30,2026-06-14,131,657.8,5,Received
PO-000576,SUP-025,PRT-0056,2026-04-06,2026-06-27,2026-06-25,148,214.79,1,Received
PO-000577,SUP-026,PRT-0065,2025-10-25,2025-12-16,2026-01-05,258,426.36,3,Received
PO-000578,SUP-032,PRT-0072,2025-12-01,2026-01-09,2026-01-19,182,735.82,1,Received
PO-000579,SUP-014,PRT-0038,2026-02-06,2026-04-22,2026-04-22,339,96.49,9,Received
PO-000580,SUP-003,PRT-0020,2025-11-22,2026-02-13,2026-02-06,96,78.59,0,Received
PO-000581,SUP-030,PRT-0031,2026-01-02,2026-03-16,2026-03-14,29,104.58,1,Received
PO-000582,SUP-018,PRT-0066,2026-01-21,2026-03-14,2026-03-07,133,112.31,2,Received
PO-000583,SUP-005,PRT-0018,2026-03-24,2026-04-30,2026-04-28,217,70.76,3,Received
PO-000584,SUP-039,PRT-0071,2025-10-20,2026-01-03,2025-12-29,255,45.3,1,Received
PO-000585,SUP-005,PRT-0021,2026-09-25,2026-11-21,2026-11-13,303,158.13,2,Received
PO-000586,SUP-007,PRT-0053,2026-04-15,2026-07-05,2026-06-30,357,112.29,4,Received
PO-000587,SUP-008,PRT-0048,2026-05-13,2026-08-02,2026-07-25,388,357.75,5,Received
PO-000588,SUP-026,PRT-0051,2026-03-18,2026-05-29,2026-05-26,407,216.65,6,Received
PO-000589,SUP-019,PRT-0044,2026-08-30,2026-11-10,2026-11-03,247,98.75,2,Received
PO-000590,SUP-006,PRT-0078,2026-02-08,2026-03-13,2026-03-06,140,185.65,1,Received
PO-000591,SUP-009,PRT-0068,2025-10-26,2026-01-04,2026-01-04,327,182.48,3,Received
PO-000592,SUP-026,PRT-0008,2025-12-01,2026-02-16,2026-02-09,84,485.89,2,Received
PO-000593,SUP-005,PRT-0021,2026-04-13,2026-05-24,2026-05-24,398,158.49,4,Received
PO-000594,SUP-012,PRT-0026,2026-01-28,2026-03-05,2026-03-01,163,301.94,0,Received
PO-000595,SUP-024,PRT-0064,2026-01-19,2026-03-18,2026-03-15,230,142.79,6,Received
PO-000596,SUP-007,PRT-0015,2026-04-21,2026-05-24,2026-05-19,156,137.96,1,Received
PO-000597,SUP-007,PRT-0032,2026-05-05,2026-06-10,2026-06-07,165,69.09,3,Received
PO-000598,SUP-008,PRT-0022,2026-07-17,2026-09-27,2026-09-24,297,81.64,1,Received
PO-000599,SUP-022,PRT-0050,2025-10-30,2025-12-15,2025-12-07,241,271.46,5,Received
PO-000600,SUP-013,PRT-0002,2026-02-12,2026-03-31,2026-03-29,294,386.78,4,Received
PO-000601,SUP-022,PRT-0012,2026-02-04,2026-04-07,2026-04-03,380,819.38,10,Received
PO-000602,SUP-017,PRT-0042,2026-06-30,2026-07-31,2026-07-28,114,646.73,0,Received
PO-000603,SUP-016,PRT-0013,2025-12-25,2026-02-15,2026-02-12,206,311.71,2,Received
PO-000604,SUP-006,PRT-0078,2026-01-30,2026-04-18,2026-04-18,40,168.09,0,Received
PO-000605,SUP-040,PRT-0064,2026-03-23,2026-05-12,2026-05-12,407,151.16,1,Received
PO-000606,SUP-010,PRT-0035,2026-06-29,2026-08-11,2026-08-11,365,436.48,11,Received
PO-000607,SUP-009,PRT-0004,2026-07-06,2026-09-11,2026-09-10,146,332.01,4,Received
PO-000608,SUP-034,PRT-0080,2026-07-25,2026-10-14,2026-10-26,393,206.92,7,Received
PO-000609,SUP-029,PRT-0083,2025-12-14,2026-03-02,2026-03-01,65,151.28,3,Received
PO-000610,SUP-015,PRT-0034,2026-06-03,2026-07-28,2026-07-20,169,669.83,3,Received
PO-000611,SUP-003,PRT-0057,2025-10-08,2025-11-23,2025-11-18,363,163.2,3,Received
PO-000612,SUP-008,PRT-0028,2026-02-06,2026-04-21,2026-04-19,110,132.43,0,Received
PO-000613,SUP-032,PRT-0072,2026-04-17,2026-05-16,2026-05-15,347,698.51,5,Received
PO-000614,SUP-018,PRT-0090,2026-09-16,2026-11-09,2026-11-02,39,418.1,0,Received
PO-000615,SUP-004,PRT-0041,2025-11-04,2025-12-04,2025-12-04,25,258.83,1,Received
PO-000616,SUP-005,PRT-0079,2025-12-18,2026-03-04,2026-02-25,234,225.84,2,Received
PO-000617,SUP-016,PRT-0085,2025-11-02,2026-01-12,2026-01-05,115,62.0,4,Received
PO-000618,SUP-004,PRT-0063,2025-11-05,2025-12-29,2025-12-24,167,126.6,3,Received
PO-000619,SUP-010,PRT-0028,2025-10-12,2025-12-18,2025-12-14,173,113.88,6,Received
PO-000620,SUP-032,PRT-0039,2026-05-03,2026-07-04,2026-06-28,181,692.37,2,Received
PO-000621,SUP-014,PRT-0072,2025-10-14,2026-01-07,2026-01-21,20,768.59,0,Received
PO-000622,SUP-026,PRT-0051,2026-05-11,2026-06-28,2026-06-23,203,221.65,5,Received
PO-000623,SUP-007,PRT-0061,2026-02-28,2026-03-27,2026-03-19,201,57.95,3,Received
PO-000624,SUP-005,PRT-0053,2025-10-23,2025-12-06,2026-01-05,278,126.74,6,Received
PO-000625,SUP-008,PRT-0062,2026-02-22,2026-04-02,2026-03-28,77,256.5,0,Received
PO-000626,SUP-007,PRT-0015,2026-08-02,2026-10-11,2026-10-08,136,140.95,2,Received
PO-000627,SUP-036,PRT-0043,2026-01-11,2026-02-25,2026-02-18,326,43.01,0,Received
PO-000628,SUP-020,PRT-0023,2026-08-21,2026-09-25,2026-09-23,308,154.0,4,Received
PO-000629,SUP-026,PRT-0063,2026-09-24,2026-12-03,2026-11-25,341,126.85,4,Received
PO-000630,SUP-013,PRT-0010,2026-08-08,2026-09-23,2026-09-15,396,201.74,6,Received
PO-000631,SUP-024,PRT-0082,2026-07-04,2026-09-02,2026-09-02,98,83.58,2,Received
PO-000632,SUP-029,PRT-0083,2026-07-04,2026-09-02,2026-09-02,407,150.63,2,Received
PO-000633,SUP-026,PRT-0051,2026-09-21,2026-11-28,2026-11-22,136,205.82,0,Received
PO-000634,SUP-010,PRT-0011,2025-11-27,2026-01-04,2026-01-04,133,270.91,2,Received
PO-000635,SUP-020,PRT-0067,2026-05-17,2026-07-10,2026-08-01,46,591.5,0,Received
PO-000636,SUP-034,PRT-0030,2026-01-24,2026-03-05,2026-03-11,132,164.12,0,Received
PO-000637,SUP-018,PRT-0007,2026-08-23,2026-10-22,2026-10-19,296,151.16,7,Received
PO-000638,SUP-016,PRT-0013,2026-07-12,2026-09-17,2026-09-14,197,325.04,3,Received
PO-000639,SUP-040,PRT-0049,2025-10-19,2025-12-18,2025-12-13,66,239.3,0,Received
PO-000640,SUP-014,PRT-0084,2026-02-26,2026-04-20,2026-04-23,162,274.91,6,Received
PO-000641,SUP-004,PRT-0041,2026-04-09,2026-06-11,2026-06-08,188,277.9,3,Received
PO-000642,SUP-009,PRT-0076,2026-05-09,2026-07-21,2026-07-20,363,303.68,6,Received
PO-000643,SUP-021,PRT-0045,2026-09-25,2026-11-09,2026-11-07,97,1343.59,5,Received
PO-000644,SUP-001,PRT-0027,2026-03-06,2026-04-27,2026-04-20,282,619.23,7,Received
PO-000645,SUP-007,PRT-0082,2026-07-01,2026-09-10,2026-09-02,360,78.29,8,Received
PO-000646,SUP-029,PRT-0062,2026-07-17,2026-10-04,2026-09-30,368,237.64,4,Received
PO-000647,SUP-026,PRT-0065,2026-04-30,2026-06-19,2026-06-12,36,426.68,1,Received
PO-000648,SUP-039,PRT-0087,2026-06-16,2026-08-29,2026-09-06,301,166.46,4,Received
PO-000649,SUP-029,PRT-0051,2026-05-09,2026-06-21,2026-06-17,247,240.08,2,Received
PO-000650,SUP-015,PRT-0052,2025-12-13,2026-01-21,2026-01-13,21,337.33,1,Received
PO-000651,SUP-014,PRT-0008,2026-01-09,2026-02-09,2026-02-02,72,455.23,2,Received
PO-000652,SUP-005,PRT-0039,2026-04-11,2026-05-18,2026-06-01,162,611.77,4,Received
PO-000653,SUP-030,PRT-0090,2026-03-31,2026-06-17,2026-06-10,115,430.12,2,Received
PO-000654,SUP-015,PRT-0034,2026-02-25,2026-04-13,2026-04-13,80,683.03,1,Received
PO-000655,SUP-013,PRT-0010,2025-11-07,2026-01-08,2026-01-30,413,214.76,3,Received
PO-000656,SUP-009,PRT-0076,2026-09-05,2026-11-21,2026-11-14,99,319.72,2,Received
PO-000657,SUP-003,PRT-0021,2026-01-17,2026-03-02,2026-02-22,302,142.0,2,Received
PO-000658,SUP-008,PRT-0045,2025-11-27,2026-01-28,2026-01-27,296,1250.91,5,Received
PO-000659,SUP-026,PRT-0065,2026-01-02,2026-03-23,2026-03-17,254,443.44,4,Received
PO-000660,SUP-022,PRT-0012,2025-11-14,2025-12-20,2025-12-17,230,795.01,3,Received
PO-000661,SUP-021,PRT-0078,2026-06-20,2026-08-19,2026-08-17,200,193.68,4,Received
PO-000662,SUP-028,PRT-0070,2026-01-21,2026-02-28,2026-02-26,281,96.65,1,Received
PO-000663,SUP-028,PRT-0009,2025-12-20,2026-01-30,2026-02-01,279,184.57,3,Received
PO-000664,SUP-020,PRT-0067,2026-05-29,2026-06-22,2026-06-17,206,547.47,4,Received
PO-000665,SUP-004,PRT-0041,2026-05-24,2026-07-30,2026-07-22,20,275.59,0,Received
PO-000666,SUP-001,PRT-0046,2025-11-25,2026-01-09,2026-01-08,273,33.13,3,Received
PO-000667,SUP-001,PRT-0027,2026-02-14,2026-04-19,2026-04-16,184,664.48,3,Received
PO-000668,SUP-008,PRT-0022,2026-04-08,2026-06-10,2026-06-08,26,79.03,0,Received
PO-000669,SUP-016,PRT-0074,2025-12-25,2026-01-21,2026-02-10,237,24.57,5,Received
PO-000670,SUP-007,PRT-0010,2026-06-11,2026-09-01,2026-09-15,209,209.02,4,Received
PO-000671,SUP-026,PRT-0008,2025-10-22,2026-01-07,2025-12-31,217,495.42,3,Received
PO-000672,SUP-008,PRT-0048,2026-03-23,2026-04-29,2026-04-23,302,344.43,3,Received
PO-000673,SUP-018,PRT-0066,2026-09-21,2026-12-11,2026-12-04,264,111.3,1,Received
PO-000674,SUP-016,PRT-0024,2026-01-06,2026-03-08,2026-04-05,210,61.89,3,Received
PO-000675,SUP-018,PRT-0007,2025-11-23,2026-01-08,2026-01-06,173,165.34,2,Received
PO-000676,SUP-032,PRT-0072,2026-08-29,2026-10-17,2026-10-16,298,682.14,3,Received
PO-000677,SUP-009,PRT-0068,2026-06-08,2026-07-14,2026-07-09,245,178.77,2,Received
PO-000678,SUP-021,PRT-0045,2026-05-10,2026-08-03,2026-08-01,110,1439.18,1,Received
PO-000679,SUP-014,PRT-0038,2026-05-26,2026-08-05,2026-08-02,251,97.67,7,Received
PO-000680,SUP-015,PRT-0052,2025-11-20,2026-01-25,2026-01-25,250,342.1,1,Received
PO-000681,SUP-005,PRT-0088,2026-04-19,2026-05-21,2026-05-15,203,1262.63,2,Received
PO-000682,SUP-010,PRT-0011,2025-11-22,2026-01-10,2026-01-07,384,282.38,13,Received
PO-000683,SUP-026,PRT-0067,2026-04-13,2026-06-23,2026-06-23,366,546.25,4,Received
PO-000684,SUP-006,PRT-0077,2026-01-03,2026-03-10,2026-03-07,342,210.88,3,Received
PO-000685,SUP-004,PRT-0017,2025-12-27,2026-03-11,2026-03-23,311,13.08,2,Received
PO-000686,SUP-001,PRT-0027,2026-07-27,2026-10-04,2026-09-30,122,610.49,5,Received
PO-000687,SUP-004,PRT-0040,2026-05-05,2026-07-03,2026-07-17,28,176.08,1,Received
PO-000688,SUP-001,PRT-0046,2026-04-03,2026-05-19,2026-05-18,201,34.42,2,Received
PO-000689,SUP-005,PRT-0053,2025-12-10,2026-02-21,2026-02-18,143,130.41,1,Received
PO-000690,SUP-002,PRT-0059,2026-09-13,2026-12-02,2026-12-02,70,105.08,1,Received
PO-000691,SUP-003,PRT-0057,2025-12-08,2026-02-10,2026-02-03,108,154.67,1,Received
PO-000692,SUP-005,PRT-0021,2025-10-12,2025-11-26,2025-11-24,131,151.85,2,Received
PO-000693,SUP-005,PRT-0018,2026-03-02,2026-04-19,2026-04-18,348,75.78,8,Received
PO-000694,SUP-015,PRT-0052,2026-01-12,2026-02-20,2026-03-15,117,360.05,0,Received
PO-000695,SUP-016,PRT-0033,2026-03-12,2026-04-20,2026-04-13,272,941.59,2,Received
PO-000696,SUP-003,PRT-0020,2026-02-21,2026-03-20,2026-03-20,295,72.04,4,Received
PO-000697,SUP-024,PRT-0082,2026-05-16,2026-08-02,2026-07-29,68,81.25,0,Received
PO-000698,SUP-026,PRT-0067,2026-02-28,2026-04-12,2026-04-12,391,537.14,6,Received
PO-000699,SUP-003,PRT-0081,2026-07-05,2026-09-23,2026-09-20,87,104.36,1,Received
PO-000700,SUP-011,PRT-0055,2025-12-19,2026-02-02,2026-02-04,139,86.51,3,Received
PO-000701,SUP-039,PRT-0087,2026-04-06,2026-05-29,2026-05-24,288,156.44,4,Received
PO-000702,SUP-017,PRT-0042,2026-06-10,2026-07-10,2026-07-25,304,653.38,1,Received
PO-000703,SUP-020,PRT-0074,2026-09-03,2026-11-05,2026-11-02,42,22.08,1,Received
PO-000704,SUP-008,PRT-0054,2025-12-16,2026-01-11,2026-01-08,19,341.45,1,Received
PO-000705,SUP-031,PRT-0003,2026-06-30,2026-09-07,2026-08-30,321,590.63,4,Received
PO-000706,SUP-014,PRT-0008,2025-12-18,2026-03-09,2026-03-26,51,456.69,0,Received
PO-000707,SUP-004,PRT-0040,2026-07-03,2026-08-31,2026-08-31,293,182.64,5,Received
PO-000708,SUP-040,PRT-0064,2026-06-23,2026-08-24,2026-08-20,81,137.42,0,Received
PO-000709,SUP-037,PRT-0010,2026-03-18,2026-06-06,2026-05-29,314,196.75,6,Received
PO-000710,SUP-007,PRT-0061,2025-11-01,2026-01-16,2026-01-13,291,59.3,6,Received
PO-000711,SUP-004,PRT-0063,2025-11-28,2026-01-26,2026-01-20,218,126.33,4,Received
PO-000712,SUP-029,PRT-0062,2026-09-24,2026-11-28,2026-11-28,66,238.16,0,Received
PO-000713,SUP-008,PRT-0062,2025-10-08,2025-11-13,2025-11-10,289,250.63,3,Received
PO-000714,SUP-017,PRT-0089,2025-10-09,2025-12-01,2025-11-28,317,166.72,6,Received
PO-000715,SUP-026,PRT-0013,2026-01-26,2026-02-24,2026-03-25,351,331.77,2,Received
PO-000716,SUP-039,PRT-0084,2026-07-13,2026-09-11,2026-10-09,202,235.04,2,Received
PO-000717,SUP-008,PRT-0048,2026-04-10,2026-05-04,2026-04-28,379,351.36,2,Received
PO-000718,SUP-014,PRT-0086,2026-03-11,2026-04-09,2026-04-18,49,95.16,0,Received
PO-000719,SUP-025,PRT-0056,2026-07-30,2026-09-08,2026-09-02,141,222.57,2,Received
PO-000720,SUP-002,PRT-0029,2026-01-20,2026-03-11,2026-03-05,354,565.53,2,Received
PO-000721,SUP-036,PRT-0062,2025-10-14,2025-12-22,2026-01-05,415,269.38,2,Received
PO-000722,SUP-008,PRT-0028,2026-08-14,2026-10-26,2026-10-19,56,128.13,1,Received
PO-000723,SUP-027,PRT-0054,2025-10-02,2025-11-03,2025-10-26,309,331.4,3,Received
PO-000724,SUP-012,PRT-0087,2026-02-01,2026-03-27,2026-03-20,61,174.22,2,Received
PO-000725,SUP-011,PRT-0055,2026-08-19,2026-10-01,2026-09-24,393,87.99,4,Received
PO-000726,SUP-034,PRT-0030,2025-11-22,2025-12-22,2025-12-15,142,162.73,1,Received
PO-000727,SUP-007,PRT-0008,2026-08-15,2026-09-15,2026-09-09,179,566.07,3,Received
PO-000728,SUP-014,PRT-0084,2026-01-09,2026-02-09,2026-02-05,134,254.77,0,Received
PO-000729,SUP-026,PRT-0063,2026-07-12,2026-09-23,2026-09-19,419,122.91,4,Received
PO-000730,SUP-010,PRT-0014,2026-02-02,2026-03-18,2026-03-16,161,95.51,1,Received
PO-000731,SUP-009,PRT-0025,2026-04-09,2026-07-03,2026-06-29,160,737.79,2,Received
PO-000732,SUP-007,PRT-0005,2026-04-16,2026-05-20,2026-05-16,120,285.94,2,Received
PO-000733,SUP-026,PRT-0067,2026-05-11,2026-07-23,2026-07-20,120,530.9,2,Received
PO-000734,SUP-004,PRT-0040,2025-10-01,2025-11-11,2025-11-06,373,172.06,7,Received
PO-000735,SUP-002,PRT-0012,2026-05-22,2026-07-08,2026-07-03,387,884.7,2,Received
PO-000736,SUP-007,PRT-0061,2026-01-29,2026-03-07,2026-03-01,255,60.14,3,Received
PO-000737,SUP-008,PRT-0076,2026-02-17,2026-04-24,2026-04-22,129,307.36,0,Received
PO-000738,SUP-030,PRT-0009,2026-03-07,2026-05-18,2026-05-11,105,168.68,2,Received
PO-000739,SUP-002,PRT-0059,2026-09-04,2026-11-18,2026-11-18,332,104.96,4,Received
PO-000740,SUP-007,PRT-0053,2026-08-15,2026-09-11,2026-09-10,44,116.9,1,Received
PO-000741,SUP-027,PRT-0082,2025-10-26,2026-01-14,2026-01-12,323,79.41,10,Received
PO-000742,SUP-034,PRT-0027,2025-10-29,2025-12-30,2026-01-04,87,750.19,2,Received
PO-000743,SUP-005,PRT-0021,2025-11-04,2025-12-25,2025-12-18,220,161.45,5,Received
PO-000744,SUP-028,PRT-0043,2026-08-07,2026-10-21,2026-10-18,374,40.93,3,Received
PO-000745,SUP-011,PRT-0055,2025-10-10,2025-12-27,2025-12-23,168,84.43,1,Received
PO-000746,SUP-014,PRT-0008,2026-05-05,2026-06-08,2026-06-08,200,487.93,5,Received
PO-000747,SUP-024,PRT-0058,2026-07-16,2026-08-14,2026-08-08,120,289.34,3,Received
PO-000748,SUP-031,PRT-0003,2026-02-04,2026-03-22,2026-03-19,65,590.49,0,Received
PO-000749,SUP-013,PRT-0002,2026-09-21,2026-11-17,2026-11-15,267,394.93,6,Received
PO-000750,SUP-029,PRT-0062,2026-01-20,2026-03-13,2026-03-05,109,227.61,1,Received
PO-000751,SUP-019,PRT-0044,2026-01-10,2026-03-20,2026-03-13,304,102.01,5,Received
PO-000752,SUP-037,PRT-0010,2026-08-26,2026-10-29,2026-11-12,270,191.91,6,Received
PO-000753,SUP-030,PRT-0071,2026-04-14,2026-06-20,2026-06-20,150,52.0,4,Received
PO-000754,SUP-029,PRT-0062,2026-05-14,2026-08-04,2026-09-01,292,227.72,4,Received
PO-000755,SUP-038,PRT-0046,2026-02-04,2026-04-25,2026-04-22,355,33.43,2,Received
PO-000756,SUP-006,PRT-0078,2026-08-01,2026-09-14,2026-09-10,243,182.06,1,Received
PO-000757,SUP-014,PRT-0086,2026-09-09,2026-12-03,2026-11-28,377,102.59,6,Received
PO-000758,SUP-024,PRT-0064,2026-08-18,2026-10-02,2026-10-01,72,138.77,0,Received
PO-000759,SUP-009,PRT-0076,2025-11-10,2026-02-03,2026-02-03,285,298.66,3,Received
PO-000760,SUP-005,PRT-0088,2026-05-27,2026-08-18,2026-08-18,272,1331.12,2,Received
PO-000761,SUP-008,PRT-0054,2026-03-11,2026-05-03,2026-04-29,90,346.51,0,Received
PO-000762,SUP-034,PRT-0030,2026-03-21,2026-06-11,2026-06-04,412,160.86,6,Received
PO-000763,SUP-022,PRT-0012,2026-08-22,2026-10-21,2026-10-13,114,787.35,5,Received
PO-000764,SUP-020,PRT-0067,2026-09-11,2026-11-28,2026-12-04,293,558.68,4,Received
PO-000765,SUP-020,PRT-0029,2025-11-21,2025-12-22,2025-12-18,132,526.0,2,Received
PO-000766,SUP-026,PRT-0051,2025-12-30,2026-03-17,2026-03-11,208,211.51,1,Received
PO-000767,SUP-030,PRT-0090,2026-02-26,2026-04-21,2026-04-13,146,400.01,1,Received
PO-000768,SUP-026,PRT-0047,2026-05-06,2026-07-13,2026-07-11,206,452.38,2,Received
PO-000769,SUP-003,PRT-0021,2026-03-19,2026-05-09,2026-05-05,26,152.66,0,Received
PO-000770,SUP-007,PRT-0053,2025-12-23,2026-02-02,2026-01-27,294,116.86,2,Received
PO-000771,SUP-008,PRT-0045,2025-11-25,2025-12-26,2025-12-21,271,1233.3,0,Received
PO-000772,SUP-017,PRT-0089,2026-01-26,2026-02-20,2026-02-12,63,169.61,0,Received
PO-000773,SUP-040,PRT-0003,2026-02-24,2026-05-17,2026-05-14,266,504.84,2,Received
PO-000774,SUP-009,PRT-0025,2026-04-29,2026-05-31,2026-05-27,186,736.32,3,Received
PO-000775,SUP-030,PRT-0009,2026-02-17,2026-04-28,2026-04-28,313,169.8,3,Received
PO-000776,SUP-026,PRT-0047,2025-11-06,2025-12-17,2025-12-11,101,426.73,0,Received
PO-000777,SUP-013,PRT-0045,2026-02-26,2026-04-16,2026-04-08,131,1365.88,3,Received
PO-000778,SUP-007,PRT-0008,2026-02-12,2026-05-07,2026-05-05,200,529.96,4,Received
PO-000779,SUP-009,PRT-0004,2026-02-07,2026-04-25,2026-04-17,327,336.73,9,Received
PO-000780,SUP-032,PRT-0027,2026-02-06,2026-03-26,2026-04-19,339,647.24,9,Received
PO-000781,SUP-007,PRT-0061,2026-04-21,2026-05-24,2026-05-19,177,58.54,5,Received
PO-000782,SUP-003,PRT-0020,2025-12-01,2026-01-12,2026-01-08,199,77.56,1,Received
PO-000783,SUP-019,PRT-0048,2026-05-10,2026-06-05,2026-06-02,406,360.64,6,Received
PO-000784,SUP-009,PRT-0068,2025-11-29,2026-02-11,2026-02-03,250,183.85,2,Received
PO-000785,SUP-017,PRT-0089,2025-11-01,2025-12-22,2025-12-14,54,169.27,1,Received
PO-000786,SUP-033,PRT-0048,2026-02-12,2026-04-03,2026-03-27,243,361.61,0,Received
PO-000787,SUP-005,PRT-0018,2025-12-04,2026-02-05,2026-02-02,414,72.46,1,Received
PO-000788,SUP-027,PRT-0052,2025-10-09,2026-01-02,2026-01-02,309,331.81,9,Received
PO-000789,SUP-019,PRT-0078,2026-04-25,2026-07-04,2026-07-04,370,197.86,8,Received
PO-000790,SUP-017,PRT-0042,2025-10-31,2026-01-04,2026-01-23,382,592.93,5,Received
PO-000791,SUP-030,PRT-0090,2025-11-01,2025-12-19,2025-12-17,142,429.79,3,Received
PO-000792,SUP-039,PRT-0071,2026-05-06,2026-07-22,2026-07-18,134,46.72,2,Received
PO-000793,SUP-036,PRT-0016,2026-08-23,2026-10-27,2026-10-24,401,894.14,1,Received
PO-000794,SUP-026,PRT-0008,2026-08-24,2026-10-08,2026-10-06,154,506.11,2,Received
PO-000795,SUP-019,PRT-0048,2025-12-04,2026-01-30,2026-02-08,309,367.61,2,Received
PO-000796,SUP-011,PRT-0055,2026-01-11,2026-03-07,2026-03-01,61,82.59,3,Received
PO-000797,SUP-026,PRT-0047,2025-11-03,2026-01-12,2026-01-07,47,431.2,1,Received
PO-000798,SUP-035,PRT-0071,2026-08-13,2026-09-29,2026-10-20,25,47.1,0,Received
PO-000799,SUP-007,PRT-0015,2026-04-30,2026-06-06,2026-06-01,162,138.13,2,Received
PO-000800,SUP-015,PRT-0061,2026-09-08,2026-10-02,2026-09-24,83,64.6,0,Received
PO-000801,SUP-003,PRT-0081,2026-05-20,2026-06-25,2026-06-23,227,97.19,3,Received
PO-000802,SUP-024,PRT-0025,2026-09-27,2026-12-18,2027-01-12,209,669.37,1,Received
PO-000803,SUP-039,PRT-0084,2026-01-05,2026-02-25,2026-02-18,43,249.22,0,Received
PO-000804,SUP-035,PRT-0059,2026-05-20,2026-07-12,2026-07-08,309,101.95,9,Received
PO-000805,SUP-007,PRT-0015,2026-08-05,2026-09-11,2026-09-08,382,133.3,9,Received
PO-000806,SUP-016,PRT-0024,2026-02-28,2026-05-10,2026-06-06,116,63.42,2,Received
PO-000807,SUP-016,PRT-0085,2026-04-20,2026-06-06,2026-06-06,307,67.45,5,Received
PO-000808,SUP-009,PRT-0025,2026-04-07,2026-06-12,2026-06-10,313,715.62,6,Received
PO-000809,SUP-028,PRT-0070,2026-09-12,2026-10-17,2026-10-23,314,104.64,2,Received
PO-000810,SUP-018,PRT-0025,2025-12-09,2026-02-02,2026-01-31,311,770.88,5,Received
PO-000811,SUP-030,PRT-0071,2026-09-20,2026-11-19,2026-12-15,15,48.81,1,Received
PO-000812,SUP-010,PRT-0014,2026-08-14,2026-09-16,2026-09-27,79,87.12,1,Received
PO-000813,SUP-028,PRT-0001,2026-05-11,2026-07-09,2026-07-03,387,240.78,2,Received
PO-000814,SUP-019,PRT-0044,2026-01-24,2026-04-15,2026-04-07,227,103.59,2,Received
PO-000815,SUP-015,PRT-0052,2025-10-09,2025-12-13,2025-12-12,415,367.57,1,Received
PO-000816,SUP-028,PRT-0009,2025-11-19,2026-02-09,2026-02-04,320,182.88,3,Received
PO-000817,SUP-024,PRT-0082,2026-09-26,2026-10-21,2026-10-14,153,81.26,3,Received
PO-000818,SUP-029,PRT-0088,2025-11-20,2026-02-02,2026-02-01,220,1284.53,3,Received
PO-000819,SUP-016,PRT-0085,2025-10-05,2025-12-03,2025-12-01,116,68.74,1,Received
PO-000820,SUP-010,PRT-0011,2026-06-11,2026-07-16,2026-07-13,15,262.66,0,Received
PO-000821,SUP-014,PRT-0008,2026-07-31,2026-09-06,2026-09-02,91,502.88,0,Received
PO-000822,SUP-007,PRT-0005,2026-03-26,2026-06-09,2026-06-05,372,298.07,9,Received
PO-000823,SUP-007,PRT-0005,2025-12-29,2026-02-14,2026-02-14,101,283.73,2,Received
PO-000824,SUP-002,PRT-0012,2025-12-09,2026-02-13,2026-02-11,61,888.13,0,Received
PO-000825,SUP-028,PRT-0009,2026-07-22,2026-10-01,2026-09-30,390,192.64,4,Received
PO-000826,SUP-030,PRT-0090,2026-04-01,2026-05-30,2026-05-25,78,424.86,2,Received
PO-000827,SUP-008,PRT-0045,2026-02-21,2026-04-04,2026-03-29,242,1279.57,2,Received
PO-000828,SUP-036,PRT-0062,2026-01-19,2026-03-03,2026-02-23,120,272.6,0,Received
PO-000829,SUP-003,PRT-0020,2026-02-04,2026-03-03,2026-03-03,270,76.09,3,Received
PO-000830,SUP-034,PRT-0030,2026-07-05,2026-09-18,2026-09-21,234,150.26,4,Received
PO-000831,SUP-039,PRT-0071,2025-11-12,2026-01-03,2025-12-26,231,47.01,4,Received
PO-000832,SUP-014,PRT-0008,2026-08-23,2026-11-08,2026-11-23,134,457.95,2,Received
PO-000833,SUP-009,PRT-0068,2026-05-17,2026-07-02,2026-07-02,184,179.16,2,Received
PO-000834,SUP-010,PRT-0028,2026-05-26,2026-06-26,2026-07-13,159,124.98,5,Received
PO-000835,SUP-029,PRT-0062,2026-02-11,2026-04-30,2026-04-25,50,229.23,0,Received
PO-000836,SUP-030,PRT-0009,2026-09-19,2026-10-13,2026-10-19,208,153.54,7,Received
PO-000837,SUP-007,PRT-0086,2026-08-01,2026-08-31,2026-08-27,275,95.62,2,Received
PO-000838,SUP-012,PRT-0087,2026-06-24,2026-08-17,2026-08-11,35,163.18,1,Received
PO-000839,SUP-035,PRT-0071,2025-11-19,2025-12-21,2025-12-14,293,43.01,3,Received
PO-000840,SUP-005,PRT-0079,2026-02-19,2026-03-16,2026-03-09,221,223.83,3,Received
PO-000841,SUP-018,PRT-0066,2026-08-30,2026-10-08,2026-10-05,271,111.86,1,Received
PO-000842,SUP-018,PRT-0025,2025-10-03,2025-12-14,2025-12-13,36,786.62,0,Received
PO-000843,SUP-027,PRT-0054,2026-07-06,2026-09-26,2026-09-25,213,351.49,6,Received
PO-000844,SUP-022,PRT-0050,2026-01-02,2026-02-02,2026-01-30,415,264.63,5,Received
PO-000845,SUP-002,PRT-0059,2026-06-28,2026-07-29,2026-07-26,397,107.69,2,Received
PO-000846,SUP-016,PRT-0074,2025-12-22,2026-03-15,2026-03-14,238,25.65,3,Received
PO-000847,SUP-040,PRT-0049,2026-05-26,2026-08-08,2026-08-01,152,232.67,0,Received
PO-000848,SUP-005,PRT-0018,2026-02-12,2026-04-01,2026-03-24,223,73.28,1,Received
PO-000849,SUP-036,PRT-0014,2026-04-21,2026-06-28,2026-06-21,88,89.65,0,Received
PO-000850,SUP-026,PRT-0051,2026-08-04,2026-10-06,2026-10-19,359,206.32,5,Received
PO-000851,SUP-029,PRT-0062,2026-07-04,2026-08-30,2026-08-28,401,250.01,4,Received
PO-000852,SUP-017,PRT-0089,2025-11-12,2025-12-24,2025-12-22,174,169.01,2,Received
PO-000853,SUP-037,PRT-0022,2025-12-30,2026-02-05,2026-02-11,105,79.07,4,Received
PO-000854,SUP-001,PRT-0046,2026-04-28,2026-07-19,2026-07-12,412,33.73,8,Received
PO-000855,SUP-008,PRT-0073,2026-05-29,2026-07-20,2026-07-19,19,229.5,0,Received
PO-000856,SUP-015,PRT-0034,2026-03-22,2026-05-29,2026-05-22,263,694.9,4,Received
PO-000857,SUP-015,PRT-0052,2026-02-19,2026-04-16,2026-04-16,342,366.39,2,Received
PO-000858,SUP-036,PRT-0058,2025-12-03,2026-01-14,2026-01-08,225,286.32,1,Received
PO-000859,SUP-015,PRT-0037,2025-10-11,2025-12-23,2025-12-23,405,718.23,3,Received
PO-000860,SUP-010,PRT-0011,2026-08-05,2026-09-10,2026-09-02,319,271.23,10,Received
PO-000861,SUP-036,PRT-0043,2026-04-04,2026-06-27,2026-06-20,162,40.61,2,Received
PO-000862,SUP-009,PRT-0004,2026-02-20,2026-04-22,2026-04-21,246,352.57,1,Received
PO-000863,SUP-015,PRT-0061,2026-03-21,2026-05-31,2026-05-27,270,60.28,0,Received
PO-000864,SUP-013,PRT-0010,2025-10-27,2025-12-03,2025-11-29,70,214.11,2,Received
PO-000865,SUP-030,PRT-0090,2026-09-18,2026-10-21,2026-10-26,194,417.25,1,Received
PO-000866,SUP-026,PRT-0051,2026-04-04,2026-05-04,2026-05-03,361,224.84,3,Received
PO-000867,SUP-026,PRT-0019,2026-01-16,2026-02-13,2026-02-11,174,264.44,3,Received
PO-000868,SUP-039,PRT-0087,2026-06-04,2026-07-03,2026-06-30,262,165.89,3,Received
PO-000869,SUP-029,PRT-0088,2025-12-08,2026-02-22,2026-03-09,195,1253.21,0,Received
PO-000870,SUP-009,PRT-0065,2025-11-27,2026-01-25,2026-01-25,210,407.08,2,Received
PO-000871,SUP-028,PRT-0081,2026-03-30,2026-06-05,2026-05-31,261,91.85,2,Received
PO-000872,SUP-024,PRT-0064,2025-10-03,2025-10-27,2025-10-21,411,141.63,10,Received
PO-000873,SUP-020,PRT-0023,2026-06-18,2026-08-04,2026-08-01,262,164.69,4,Received
PO-000874,SUP-034,PRT-0027,2025-11-10,2025-12-17,2025-12-14,61,752.57,0,Received
PO-000875,SUP-008,PRT-0073,2025-10-23,2025-11-26,2025-11-19,170,226.67,1,Received
PO-000876,SUP-015,PRT-0034,2026-03-31,2026-05-09,2026-05-21,261,680.11,0,Received
PO-000877,SUP-008,PRT-0073,2026-04-22,2026-07-04,2026-07-09,296,232.84,1,Received
PO-000878,SUP-003,PRT-0021,2026-06-16,2026-07-12,2026-07-11,102,138.29,1,Received
PO-000879,SUP-026,PRT-0047,2026-01-18,2026-02-19,2026-02-18,378,437.29,2,Received
PO-000880,SUP-038,PRT-0004,2025-10-17,2025-12-16,2025-12-12,140,332.63,0,Received
PO-000881,SUP-002,PRT-0059,2026-08-15,2026-09-18,2026-09-13,132,104.1,0,Received
PO-000882,SUP-014,PRT-0038,2026-09-22,2026-12-12,2026-12-04,189,95.31,1,Received
PO-000883,SUP-004,PRT-0063,2026-03-24,2026-04-24,2026-04-23,92,115.07,2,Received
PO-000884,SUP-040,PRT-0064,2025-12-16,2026-01-29,2026-01-29,68,150.4,1,Received
PO-000885,SUP-026,PRT-0065,2026-09-14,2026-11-13,2026-11-06,312,454.87,2,Received
PO-000886,SUP-023,PRT-0039,2026-01-28,2026-03-10,2026-03-09,175,605.63,0,Received
PO-000887,SUP-018,PRT-0007,2026-08-12,2026-10-30,2026-10-28,44,154.39,0,Received
PO-000888,SUP-006,PRT-0077,2026-06-13,2026-08-19,2026-08-18,196,220.88,3,Received
PO-000889,SUP-020,PRT-0023,2026-06-16,2026-08-22,2026-08-16,232,167.1,6,Received
PO-000890,SUP-005,PRT-0039,2026-01-09,2026-02-28,2026-02-26,61,638.5,1,Received
PO-000891,SUP-007,PRT-0055,2026-05-05,2026-07-05,2026-07-01,272,77.39,11,Received
PO-000892,SUP-018,PRT-0025,2025-11-09,2026-01-16,2026-01-09,168,714.75,1,Received
PO-000893,SUP-016,PRT-0024,2026-09-26,2026-11-29,2026-11-23,122,60.14,2,Received
PO-000894,SUP-007,PRT-0082,2026-02-25,2026-04-16,2026-04-15,380,79.54,3,Received
PO-000895,SUP-031,PRT-0003,2026-08-12,2026-10-15,2026-10-13,221,532.61,4,Received
PO-000896,SUP-008,PRT-0045,2025-12-24,2026-02-15,2026-02-10,238,1316.8,2,Received
PO-000897,SUP-024,PRT-0058,2026-04-27,2026-06-13,2026-06-05,146,295.53,0,Received
PO-000898,SUP-026,PRT-0067,2026-09-20,2026-12-08,2026-12-07,181,519.01,4,Received
PO-000899,SUP-027,PRT-0052,2026-05-15,2026-07-12,2026-07-04,406,339.74,6,Received
PO-000900,SUP-013,PRT-0010,2025-12-19,2026-03-08,2026-04-03,195,208.67,3,Received
PO-000901,SUP-007,PRT-0010,2026-02-03,2026-04-07,2026-04-26,90,216.75,2,Received
PO-000902,SUP-003,PRT-0057,2026-02-24,2026-03-30,2026-03-26,66,167.22,0,Received
PO-000903,SUP-037,PRT-0010,2026-04-14,2026-06-09,2026-07-08,337,203.12,4,Received
PO-000904,SUP-013,PRT-0002,2026-03-09,2026-04-23,2026-04-16,183,387.16,2,Received
PO-000905,SUP-034,PRT-0030,2026-02-17,2026-04-15,2026-04-07,356,151.51,9,Received
PO-000906,SUP-016,PRT-0013,2026-05-30,2026-07-21,2026-07-15,404,311.41,9,Received
PO-000907,SUP-036,PRT-0014,2026-02-08,2026-03-23,2026-03-20,162,95.12,1,Received
PO-000908,SUP-007,PRT-0061,2025-12-04,2025-12-31,2025-12-27,57,61.26,2,Received
PO-000909,SUP-014,PRT-0072,2026-01-30,2026-04-10,2026-05-02,165,816.84,5,Received
PO-000910,SUP-026,PRT-0063,2025-12-31,2026-02-27,2026-02-25,402,129.98,7,Received
PO-000911,SUP-002,PRT-0012,2026-03-13,2026-05-07,2026-05-01,297,859.39,2,Received
PO-000912,SUP-014,PRT-0006,2026-04-19,2026-05-19,2026-06-12,46,264.33,4,Received
PO-000913,SUP-030,PRT-0071,2026-08-18,2026-09-20,2026-09-13,198,53.42,3,Received
PO-000914,SUP-030,PRT-0031,2026-07-14,2026-10-01,2026-09-24,307,101.24,4,Received
PO-000915,SUP-026,PRT-0019,2025-10-23,2025-12-14,2025-12-14,322,245.87,3,Received
PO-000916,SUP-014,PRT-0038,2026-02-15,2026-04-14,2026-05-05,144,103.32,4,Received
PO-000917,SUP-004,PRT-0040,2026-04-25,2026-06-09,2026-06-06,89,179.63,2,Received
PO-000918,SUP-016,PRT-0085,2026-01-28,2026-03-04,2026-02-25,136,61.55,2,Received
PO-000919,SUP-004,PRT-0041,2026-09-26,2026-11-13,2026-11-13,168,278.41,3,Received
PO-000920,SUP-029,PRT-0051,2026-08-04,2026-10-15,2026-10-11,83,255.26,2,Received
PO-000921,SUP-001,PRT-0027,2026-02-21,2026-04-21,2026-04-13,73,671.36,0,Received
PO-000922,SUP-007,PRT-0061,2026-03-25,2026-04-23,2026-04-23,326,57.51,7,Received
PO-000923,SUP-005,PRT-0079,2026-07-04,2026-08-18,2026-08-10,379,219.45,8,Received
PO-000924,SUP-037,PRT-0069,2025-11-22,2026-01-23,2026-02-08,124,110.12,2,Received
PO-000925,SUP-008,PRT-0045,2026-03-20,2026-06-10,2026-06-02,99,1176.63,1,Received
PO-000926,SUP-003,PRT-0021,2026-08-16,2026-09-10,2026-09-02,307,144.94,6,Received
PO-000927,SUP-029,PRT-0088,2026-02-13,2026-04-27,2026-04-24,299,1340.63,3,Received
PO-000928,SUP-019,PRT-0048,2025-10-06,2025-11-25,2025-11-23,111,378.06,3,Received
PO-000929,SUP-018,PRT-0007,2026-07-21,2026-09-18,2026-09-21,363,151.06,3,Received
PO-000930,SUP-035,PRT-0071,2026-08-09,2026-09-12,2026-09-08,85,43.09,3,Received
PO-000931,SUP-005,PRT-0088,2026-04-15,2026-06-13,2026-06-23,414,1215.32,7,Received
PO-000932,SUP-008,PRT-0076,2026-03-14,2026-05-08,2026-05-03,110,303.37,0,Received
PO-000933,SUP-016,PRT-0033,2026-02-04,2026-04-17,2026-04-16,69,924.58,2,Received
PO-000934,SUP-030,PRT-0071,2026-09-06,2026-11-04,2026-10-31,353,49.43,13,Received
PO-000935,SUP-008,PRT-0045,2026-05-12,2026-08-05,2026-07-31,241,1295.14,2,Received
PO-000936,SUP-006,PRT-0077,2026-08-29,2026-11-06,2026-11-26,383,203.19,3,Received
PO-000937,SUP-028,PRT-0001,2026-06-30,2026-09-13,2026-09-09,52,233.63,0,Received
PO-000938,SUP-036,PRT-0062,2025-11-03,2025-12-09,2025-12-08,67,291.39,0,Received
PO-000939,SUP-036,PRT-0043,2026-05-06,2026-06-29,2026-06-23,59,41.08,1,Received
PO-000940,SUP-015,PRT-0034,2026-09-21,2026-10-30,2026-10-27,267,700.26,1,Received
PO-000941,SUP-040,PRT-0003,2025-11-11,2026-01-16,2026-01-16,77,515.77,0,Received
PO-000942,SUP-019,PRT-0076,2026-08-27,2026-11-19,2026-11-16,48,297.52,0,Received
PO-000943,SUP-036,PRT-0014,2026-01-30,2026-03-30,2026-03-28,227,95.72,0,Received
PO-000944,SUP-026,PRT-0047,2026-01-21,2026-02-26,2026-02-22,200,410.25,3,Received
PO-000945,SUP-017,PRT-0042,2026-09-14,2026-10-12,2026-10-04,357,649.62,9,Received
PO-000946,SUP-003,PRT-0057,2026-09-24,2026-10-26,2026-10-31,136,155.42,2,Received
PO-000947,SUP-037,PRT-0013,2026-07-03,2026-09-24,2026-09-20,388,294.55,13,Received
PO-000948,SUP-012,PRT-0026,2026-05-18,2026-08-04,2026-07-27,305,297.28,9,Received
PO-000949,SUP-007,PRT-0008,2026-07-07,2026-08-26,2026-08-25,301,529.88,8,Received
PO-000950,SUP-032,PRT-0039,2026-04-30,2026-06-18,2026-06-17,92,715.84,2,Received
PO-000951,SUP-005,PRT-0018,2025-10-13,2025-11-06,2025-11-22,200,71.85,0,Received
PO-000952,SUP-021,PRT-0045,2026-09-08,2026-10-31,2026-10-24,377,1433.62,6,Received
PO-000953,SUP-027,PRT-0082,2025-11-27,2026-01-03,2026-01-03,200,83.63,6,Received
PO-000954,SUP-003,PRT-0057,2025-12-04,2026-02-08,2026-01-31,385,161.92,4,Received
PO-000955,SUP-030,PRT-0031,2026-08-07,2026-10-20,2026-10-20,410,104.73,7,Received
PO-000956,SUP-001,PRT-0046,2025-12-16,2026-02-28,2026-03-05,249,33.49,7,Received
PO-000957,SUP-020,PRT-0023,2026-02-22,2026-05-04,2026-05-30,308,155.56,2,Received
PO-000958,SUP-004,PRT-0041,2026-06-08,2026-07-29,2026-08-20,360,275.06,4,Received
PO-000959,SUP-032,PRT-0072,2025-10-18,2025-11-15,2025-11-09,76,687.89,4,Received
PO-000960,SUP-036,PRT-0038,2026-01-14,2026-02-27,2026-02-27,353,103.6,1,Received
PO-000961,SUP-005,PRT-0039,2026-09-21,2026-12-05,2026-11-29,108,630.89,6,Received
PO-000962,SUP-009,PRT-0025,2026-07-23,2026-09-17,2026-09-15,407,787.05,5,Received
PO-000963,SUP-004,PRT-0063,2026-08-21,2026-10-02,2026-09-24,417,120.84,12,Received
PO-000964,SUP-008,PRT-0028,2025-11-05,2025-12-09,2025-12-06,156,130.93,1,Received
PO-000965,SUP-029,PRT-0062,2026-08-17,2026-09-12,2026-09-04,179,225.9,1,Received
PO-000966,SUP-007,PRT-0010,2025-11-06,2025-12-28,2025-12-27,347,220.19,3,Received
PO-000967,SUP-017,PRT-0089,2026-09-22,2026-11-27,2026-11-20,17,169.95,0,Received
PO-000968,SUP-030,PRT-0031,2026-03-04,2026-05-28,2026-05-25,176,96.21,7,Received
PO-000969,SUP-005,PRT-0079,2026-08-08,2026-10-12,2026-11-07,319,222.55,3,Received
PO-000970,SUP-028,PRT-0070,2025-11-02,2025-12-27,2025-12-19,206,95.9,3,Received
PO-000971,SUP-024,PRT-0058,2026-09-01,2026-10-06,2026-10-06,31,300.92,0,Received
PO-000972,SUP-002,PRT-0059,2025-12-17,2026-01-20,2026-01-16,288,107.32,7,Received
PO-000973,SUP-002,PRT-0012,2026-04-02,2026-06-08,2026-06-03,256,868.37,0,Received
PO-000974,SUP-001,PRT-0027,2026-08-13,2026-10-11,2026-10-23,33,625.59,1,Received
PO-000975,SUP-018,PRT-0007,2025-11-28,2026-01-03,2026-01-03,43,168.41,1,Received
PO-000976,SUP-013,PRT-0010,2026-02-02,2026-04-23,2026-04-15,17,196.44,0,Received
PO-000977,SUP-017,PRT-0049,2026-06-25,2026-08-18,2026-08-13,184,230.11,3,Received
PO-000978,SUP-026,PRT-0065,2026-06-07,2026-08-18,2026-08-16,228,449.98,2,Received
PO-000979,SUP-015,PRT-0052,2026-04-23,2026-06-19,2026-06-12,318,360.73,0,Received
PO-000980,SUP-017,PRT-0089,2025-11-02,2025-12-18,2025-12-14,61,162.03,0,Received
PO-000981,SUP-008,PRT-0073,2026-07-10,2026-09-13,2026-09-09,109,221.47,3,Received
PO-000982,SUP-026,PRT-0051,2026-06-12,2026-07-16,2026-07-16,419,217.11,4,Received
PO-000983,SUP-019,PRT-0078,2025-12-05,2026-02-26,2026-03-18,248,194.01,4,Received
PO-000984,SUP-017,PRT-0042,2025-12-28,2026-03-22,2026-03-17,268,595.62,4,Received
PO-000985,SUP-031,PRT-0086,2025-12-02,2026-02-08,2026-02-01,222,99.16,4,Received
PO-000986,SUP-014,PRT-0086,2026-09-01,2026-10-19,2026-10-18,273,96.12,4,Received
PO-000987,SUP-004,PRT-0040,2026-04-10,2026-05-28,2026-05-22,155,180.09,2,Received
PO-000988,SUP-004,PRT-0040,2026-04-23,2026-05-31,2026-05-27,221,167.21,7,Received
PO-000989,SUP-024,PRT-0082,2026-03-14,2026-05-18,2026-05-10,360,76.72,5,Received
PO-000990,SUP-019,PRT-0048,2026-03-11,2026-04-28,2026-04-27,278,352.56,3,Received
PO-000991,SUP-007,PRT-0061,2026-07-01,2026-09-11,2026-09-08,233,60.44,2,Received
PO-000992,SUP-021,PRT-0045,2026-05-28,2026-08-15,2026-08-22,223,1346.34,3,Received
PO-000993,SUP-026,PRT-0047,2025-10-03,2025-11-10,2025-11-10,278,423.7,5,Received
PO-000994,SUP-026,PRT-0013,2026-09-04,2026-10-30,2026-10-25,410,317.44,6,Received
PO-000995,SUP-008,PRT-0033,2026-03-26,2026-06-02,2026-05-26,252,958.37,1,Received
PO-000996,SUP-009,PRT-0076,2026-09-25,2026-12-10,2026-12-04,200,308.54,2,Received
PO-000997,SUP-016,PRT-0024,2026-07-02,2026-09-02,2026-09-02,351,59.27,9,Received
PO-000998,SUP-008,PRT-0045,2026-07-06,2026-08-29,2026-08-22,281,1191.02,3,Received
PO-000999,SUP-032,PRT-0015,2026-03-09,2026-05-28,2026-05-23,320,172.86,5,Received
PO-001000,SUP-017,PRT-0049,2026-05-04,2026-07-13,2026-07-09,276,223.09,11,Received
PO-001001,SUP-035,PRT-0071,2026-05-04,2026-07-19,2026-07-12,98,42.15,1,Received
PO-001002,SUP-018,PRT-0090,2026-07-28,2026-10-10,2026-10-09,416,428.55,7,Received
PO-001003,SUP-007,PRT-0053,2026-06-06,2026-08-06,2026-08-18,85,111.24,2,Received
PO-001004,SUP-034,PRT-0080,2026-09-05,2026-10-20,2026-10-20,290,199.59,1,Received
PO-001005,SUP-008,PRT-0022,2026-08-14,2026-09-18,2026-09-24,119,79.83,0,Received
PO-001006,SUP-005,PRT-0079,2026-07-30,2026-09-23,2026-09-20,162,222.59,3,Received
PO-001007,SUP-032,PRT-0027,2025-11-02,2026-01-22,2026-01-14,60,656.18,1,Received
PO-001008,SUP-036,PRT-0014,2026-03-13,2026-05-04,2026-04-27,20,97.32,0,Received
PO-001009,SUP-017,PRT-0049,2025-11-02,2025-11-29,2025-11-23,379,225.97,10,Received
PO-001010,SUP-008,PRT-0076,2026-01-01,2026-02-27,2026-02-21,42,307.5,1,Received
PO-001011,SUP-015,PRT-0066,2026-09-30,2026-11-18,2026-11-11,166,99.98,2,Received
PO-001012,SUP-008,PRT-0076,2026-07-31,2026-09-13,2026-09-08,286,305.44,3,Received
PO-001013,SUP-006,PRT-0077,2025-11-11,2026-02-04,2026-01-31,368,199.89,3,Received
PO-001014,SUP-024,PRT-0057,2026-09-15,2026-10-30,2026-11-13,306,158.2,5,Received
PO-001015,SUP-022,PRT-0012,2026-06-09,2026-08-24,2026-08-23,105,782.26,2,Received
PO-001016,SUP-015,PRT-0061,2026-03-04,2026-05-06,2026-05-01,187,63.61,1,Received
PO-001017,SUP-034,PRT-0027,2026-06-26,2026-07-28,2026-08-14,191,751.43,2,Received
PO-001018,SUP-026,PRT-0063,2026-01-22,2026-04-03,2026-03-30,255,130.72,3,Received
PO-001019,SUP-015,PRT-0037,2026-06-21,2026-09-01,2026-09-23,82,756.28,0,Received
PO-001020,SUP-020,PRT-0074,2026-06-02,2026-08-16,2026-08-24,380,22.34,3,Received
PO-001021,SUP-026,PRT-0013,2026-06-29,2026-08-07,2026-07-30,50,347.39,1,Received
PO-001022,SUP-026,PRT-0067,2026-06-26,2026-08-04,2026-08-03,173,549.69,2,Received
PO-001023,SUP-035,PRT-0063,2025-10-21,2025-12-18,2025-12-10,380,132.36,4,Received
PO-001024,SUP-024,PRT-0057,2026-02-15,2026-03-21,2026-03-29,141,159.51,2,Received
PO-001025,SUP-034,PRT-0030,2026-04-12,2026-05-06,2026-05-05,138,163.33,2,Received
PO-001026,SUP-008,PRT-0076,2025-11-26,2026-02-03,2026-01-30,16,297.28,0,Received
PO-001027,SUP-017,PRT-0049,2026-01-08,2026-02-25,2026-02-25,292,229.35,6,Received
PO-001028,SUP-012,PRT-0026,2025-10-07,2025-11-18,2025-11-16,63,317.32,2,Received
PO-001029,SUP-013,PRT-0045,2026-09-24,2026-12-01,2026-11-23,256,1309.02,2,Received
PO-001030,SUP-028,PRT-0043,2026-06-14,2026-09-03,2026-08-26,103,37.13,2,Received
PO-001031,SUP-036,PRT-0001,2025-11-13,2025-12-29,2025-12-26,86,222.47,1,Received
PO-001032,SUP-008,PRT-0045,2025-12-26,2026-03-13,2026-03-10,311,1297.46,2,Received
PO-001033,SUP-024,PRT-0058,2025-12-26,2026-02-09,2026-02-03,243,297.06,10,Received
PO-001034,SUP-018,PRT-0066,2026-04-09,2026-06-12,2026-06-11,158,112.5,2,Received
PO-001035,SUP-008,PRT-0033,2026-09-18,2026-11-30,2026-12-09,181,945.84,0,Received
PO-001036,SUP-014,PRT-0006,2026-04-17,2026-05-27,2026-05-24,220,238.66,5,Received
PO-001037,SUP-026,PRT-0047,2026-06-26,2026-08-20,2026-08-15,264,424.84,8,Received
PO-001038,SUP-032,PRT-0015,2026-02-21,2026-04-10,2026-04-07,39,176.6,0,Received
PO-001039,SUP-037,PRT-0013,2026-03-08,2026-05-22,2026-05-21,250,300.11,4,Received
PO-001040,SUP-015,PRT-0061,2025-12-05,2026-02-23,2026-02-19,260,65.61,0,Received
PO-001041,SUP-035,PRT-0071,2025-10-07,2025-12-18,2025-12-11,369,46.53,2,Received
PO-001042,SUP-008,PRT-0062,2026-05-07,2026-07-03,2026-06-30,92,253.79,1,Received
PO-001043,SUP-040,PRT-0003,2026-09-15,2026-10-25,2026-10-21,152,535.21,0,Received
PO-001044,SUP-004,PRT-0040,2025-11-05,2026-01-13,2026-01-05,411,178.55,14,Received
PO-001045,SUP-036,PRT-0014,2026-09-01,2026-11-19,2026-11-14,136,94.51,0,Received
PO-001046,SUP-034,PRT-0030,2026-04-12,2026-05-10,2026-05-08,396,150.38,5,Received
PO-001047,SUP-037,PRT-0010,2025-12-19,2026-02-18,2026-02-13,395,196.24,4,Received
PO-001048,SUP-028,PRT-0070,2026-08-25,2026-09-24,2026-10-18,162,104.08,0,Received
PO-001049,SUP-009,PRT-0004,2025-12-22,2026-03-13,2026-03-10,261,362.41,3,Received
PO-001050,SUP-037,PRT-0010,2026-03-16,2026-05-26,2026-05-26,209,198.51,4,Received
PO-001051,SUP-005,PRT-0039,2026-07-13,2026-08-11,2026-08-27,156,657.96,0,Received
PO-001052,SUP-018,PRT-0090,2025-12-12,2026-02-21,2026-02-21,141,405.83,0,Received
PO-001053,SUP-034,PRT-0027,2026-01-16,2026-02-24,2026-02-24,385,765.05,7,Received
PO-001054,SUP-022,PRT-0050,2026-03-14,2026-05-28,2026-05-23,357,285.66,5,Received
PO-001055,SUP-008,PRT-0048,2026-09-18,2026-12-12,2026-12-07,331,379.17,1,Received
PO-001056,SUP-032,PRT-0015,2026-04-18,2026-05-12,2026-05-10,64,167.32,2,Received
PO-001057,SUP-035,PRT-0063,2026-09-26,2026-11-30,2026-11-28,181,138.05,5,Received
PO-001058,SUP-001,PRT-0046,2025-11-03,2025-12-11,2025-12-05,322,33.05,3,Received
PO-001059,SUP-015,PRT-0052,2026-09-19,2026-11-12,2026-11-10,40,347.75,0,Received
PO-001060,SUP-007,PRT-0010,2026-08-01,2026-09-01,2026-09-01,171,202.53,5,Received
PO-001061,SUP-005,PRT-0079,2026-08-10,2026-09-16,2026-09-21,338,225.07,5,Received
PO-001062,SUP-004,PRT-0063,2026-03-18,2026-05-05,2026-04-30,292,120.16,8,Received
PO-001063,SUP-021,PRT-0078,2026-08-15,2026-09-09,2026-09-01,307,191.92,7,Received
PO-001064,SUP-007,PRT-0082,2026-03-19,2026-05-21,2026-05-17,128,77.56,3,Received
PO-001065,SUP-003,PRT-0021,2026-08-24,2026-09-28,2026-09-26,74,149.71,1,Received
PO-001066,SUP-029,PRT-0083,2025-11-11,2025-12-14,2025-12-14,314,138.13,4,Received
PO-001067,SUP-009,PRT-0025,2026-05-02,2026-05-26,2026-05-22,163,722.11,2,Received
PO-001068,SUP-040,PRT-0064,2026-09-09,2026-10-17,2026-10-17,393,137.0,0,Received
PO-001069,SUP-001,PRT-0027,2026-08-03,2026-09-09,2026-10-09,232,672.95,4,Received
PO-001070,SUP-002,PRT-0012,2025-12-18,2026-01-20,2026-01-15,31,834.3,0,Received
PO-001071,SUP-038,PRT-0004,2026-05-31,2026-08-01,2026-07-30,419,348.84,7,Received
PO-001072,SUP-023,PRT-0039,2026-02-06,2026-03-24,2026-03-20,215,595.91,0,Received
PO-001073,SUP-012,PRT-0087,2026-01-29,2026-04-05,2026-04-20,376,162.84,8,Received
PO-001074,SUP-036,PRT-0038,2026-02-15,2026-03-29,2026-03-26,265,98.95,0,Received
PO-001075,SUP-032,PRT-0072,2025-11-02,2025-12-20,2025-12-20,59,669.66,1,Received
PO-001076,SUP-021,PRT-0045,2025-10-01,2025-12-20,2025-12-17,357,1342.93,1,Received
PO-001077,SUP-016,PRT-0074,2026-01-08,2026-02-09,2026-02-09,153,26.1,2,Received
PO-001078,SUP-035,PRT-0059,2025-12-12,2026-02-10,2026-02-02,408,99.74,9,Received
PO-001079,SUP-007,PRT-0036,2026-02-05,2026-04-26,2026-04-21,197,174.88,7,Received
PO-001080,SUP-022,PRT-0050,2026-04-26,2026-07-05,2026-07-02,384,264.45,7,Received
PO-001081,SUP-008,PRT-0028,2025-12-09,2026-02-15,2026-02-15,397,133.01,7,Received
PO-001082,SUP-005,PRT-0088,2025-12-11,2026-01-11,2026-01-31,209,1198.02,2,Received
PO-001083,SUP-014,PRT-0086,2025-11-09,2025-12-27,2025-12-22,103,101.13,0,Received
PO-001084,SUP-012,PRT-0026,2025-11-15,2025-12-13,2025-12-10,182,304.28,3,Received
PO-001085,SUP-017,PRT-0049,2026-05-31,2026-08-20,2026-08-13,277,243.57,5,Received
PO-001086,SUP-026,PRT-0019,2026-05-08,2026-08-01,2026-07-31,241,241.57,3,Received
PO-001087,SUP-032,PRT-0072,2026-06-25,2026-08-04,2026-09-01,21,700.17,0,Received
PO-001088,SUP-024,PRT-0058,2026-04-29,2026-06-21,2026-06-13,391,308.29,9,Received
PO-001089,SUP-015,PRT-0037,2025-11-23,2026-02-02,2026-01-31,373,700.92,1,Received
PO-001090,SUP-035,PRT-0059,2025-10-22,2025-12-13,2025-12-07,75,99.87,1,Received
PO-001091,SUP-026,PRT-0063,2026-07-03,2026-09-16,2026-09-25,200,117.47,2,Received
PO-001092,SUP-019,PRT-0044,2026-04-19,2026-07-03,2026-07-19,363,103.28,2,Received
PO-001093,SUP-005,PRT-0021,2026-02-12,2026-04-11,2026-05-04,363,147.63,8,Received
PO-001094,SUP-008,PRT-0054,2026-04-22,2026-05-27,2026-05-24,366,357.49,3,Received
PO-001095,SUP-005,PRT-0018,2026-07-02,2026-08-11,2026-08-23,215,77.03,4,Received
PO-001096,SUP-010,PRT-0028,2025-12-27,2026-02-13,2026-02-20,309,117.22,3,Received
PO-001097,SUP-036,PRT-0043,2026-01-29,2026-03-08,2026-03-01,371,42.91,2,Received
PO-001098,SUP-007,PRT-0032,2026-06-27,2026-08-09,2026-08-07,277,73.06,5,Received
PO-001099,SUP-015,PRT-0052,2025-10-01,2025-11-22,2025-12-20,123,363.14,0,Received
PO-001100,SUP-026,PRT-0063,2026-08-12,2026-09-30,2026-09-30,348,129.61,7,Received
PO-001101,SUP-003,PRT-0075,2026-09-15,2026-11-01,2026-10-31,403,118.24,3,Received
PO-001102,SUP-017,PRT-0049,2026-01-24,2026-03-04,2026-03-27,275,221.84,1,Received
PO-001103,SUP-004,PRT-0041,2026-07-28,2026-09-22,2026-09-15,289,266.73,7,Received
PO-001104,SUP-024,PRT-0025,2026-02-10,2026-03-06,2026-03-01,125,602.85,0,Received
PO-001105,SUP-034,PRT-0080,2026-02-18,2026-04-20,2026-04-13,284,194.74,3,Received
PO-001106,SUP-007,PRT-0061,2026-05-21,2026-07-08,2026-07-07,76,62.12,0,Received
PO-001107,SUP-018,PRT-0084,2025-10-25,2025-12-27,2026-01-15,30,240.76,0,Received
PO-001108,SUP-026,PRT-0051,2026-03-08,2026-04-16,2026-04-10,120,226.39,1,Received
PO-001109,SUP-018,PRT-0090,2026-01-15,2026-04-10,2026-04-09,144,430.45,3,Received
PO-001110,SUP-011,PRT-0055,2026-07-27,2026-10-18,2026-10-13,248,81.97,2,Received
PO-001111,SUP-019,PRT-0076,2026-09-28,2026-12-01,2026-11-29,199,306.26,1,Received
PO-001112,SUP-005,PRT-0021,2026-02-26,2026-05-03,2026-05-01,123,150.26,2,Received
PO-001113,SUP-029,PRT-0051,2025-11-23,2026-02-08,2026-01-31,418,236.65,3,Received
PO-001114,SUP-028,PRT-0081,2026-02-09,2026-03-29,2026-03-23,355,92.04,0,Received
PO-001115,SUP-025,PRT-0050,2025-10-28,2025-11-29,2025-11-24,221,262.79,7,Received
PO-001116,SUP-007,PRT-0010,2026-07-13,2026-08-12,2026-09-05,58,199.95,1,Received
PO-001117,SUP-008,PRT-0054,2025-11-05,2026-01-09,2026-01-02,150,363.52,2,Received
PO-001118,SUP-007,PRT-0036,2026-05-11,2026-07-29,2026-07-24,263,157.32,3,Received
PO-001119,SUP-034,PRT-0080,2026-08-23,2026-11-07,2026-10-30,239,212.3,3,Received
PO-001120,SUP-036,PRT-0043,2025-11-20,2026-01-17,2026-01-16,178,39.47,1,Received
PO-001121,SUP-010,PRT-0011,2026-02-22,2026-05-08,2026-05-05,191,262.97,2,Received
PO-001122,SUP-007,PRT-0086,2026-07-15,2026-09-24,2026-09-16,150,94.31,1,Received
PO-001123,SUP-003,PRT-0020,2026-08-25,2026-10-05,2026-10-03,217,72.32,0,Received
PO-001124,SUP-018,PRT-0066,2026-04-23,2026-06-03,2026-06-02,142,110.47,1,Received
PO-001125,SUP-018,PRT-0090,2026-09-11,2026-12-04,2026-11-28,97,419.04,2,Received
PO-001126,SUP-037,PRT-0022,2025-10-15,2025-12-21,2025-12-20,135,76.27,3,Received
PO-001127,SUP-015,PRT-0034,2026-09-01,2026-11-07,2026-11-04,72,677.66,0,Received
PO-001128,SUP-015,PRT-0037,2026-06-04,2026-08-24,2026-08-23,139,754.58,0,Received
PO-001129,SUP-028,PRT-0001,2026-01-12,2026-02-24,2026-02-20,53,233.04,0,Received
PO-001130,SUP-037,PRT-0022,2025-12-05,2026-02-17,2026-02-11,204,72.98,3,Received
PO-001131,SUP-028,PRT-0009,2025-10-16,2025-11-15,2025-11-12,332,188.77,4,Received
PO-001132,SUP-035,PRT-0059,2026-08-31,2026-11-10,2026-11-26,46,104.48,0,Received
PO-001133,SUP-013,PRT-0002,2026-09-30,2026-12-07,2026-12-03,412,372.55,11,Received
PO-001134,SUP-018,PRT-0025,2026-05-23,2026-07-19,2026-07-14,394,756.49,4,Received
PO-001135,SUP-032,PRT-0072,2026-06-26,2026-09-09,2026-09-20,418,736.78,14,Received
PO-001136,SUP-014,PRT-0022,2026-09-15,2026-12-02,2027-01-01,290,73.73,8,Received
PO-001137,SUP-039,PRT-0087,2026-07-29,2026-08-27,2026-08-24,104,172.66,2,Received
PO-001138,SUP-007,PRT-0032,2025-10-15,2025-12-18,2026-01-10,107,71.0,3,Received
PO-001139,SUP-019,PRT-0078,2026-03-01,2026-05-24,2026-06-07,178,185.75,3,Received
PO-001140,SUP-029,PRT-0083,2026-01-18,2026-04-13,2026-04-07,221,139.03,2,Received
PO-001141,SUP-036,PRT-0062,2026-08-14,2026-10-31,2026-10-25,230,290.43,1,Received
PO-001142,SUP-005,PRT-0018,2026-02-12,2026-04-23,2026-04-17,188,71.37,6,Received
PO-001143,SUP-030,PRT-0031,2026-05-15,2026-06-28,2026-07-17,203,101.08,5,Received
PO-001144,SUP-032,PRT-0039,2025-11-04,2025-12-05,2025-11-30,147,696.64,4,Received
PO-001145,SUP-013,PRT-0002,2026-02-25,2026-03-24,2026-03-22,189,353.9,2,Received
PO-001146,SUP-026,PRT-0063,2026-07-19,2026-09-16,2026-09-10,140,129.64,1,Received
PO-001147,SUP-040,PRT-0049,2026-01-06,2026-03-13,2026-03-08,370,248.87,0,Received
PO-001148,SUP-005,PRT-0018,2026-01-29,2026-04-08,2026-04-06,204,76.16,5,Received
PO-001149,SUP-008,PRT-0028,2026-06-27,2026-08-16,2026-08-16,190,136.27,1,Received
PO-001150,SUP-022,PRT-0050,2026-04-05,2026-06-04,2026-06-01,195,280.59,5,Received
PO-001151,SUP-033,PRT-0048,2026-02-17,2026-04-19,2026-04-30,296,373.15,0,Received
PO-001152,SUP-028,PRT-0043,2025-11-07,2026-01-22,2026-01-22,361,40.11,5,Received
PO-001153,SUP-029,PRT-0088,2025-11-22,2025-12-26,2025-12-23,391,1350.43,3,Received
PO-001154,SUP-006,PRT-0077,2026-09-24,2026-10-19,2026-10-11,221,212.65,2,Received
PO-001155,SUP-009,PRT-0068,2026-04-04,2026-06-22,2026-06-14,131,167.12,2,Received
PO-001156,SUP-036,PRT-0043,2026-09-19,2026-12-01,2026-12-23,30,41.77,0,Received
PO-001157,SUP-008,PRT-0048,2026-01-28,2026-04-22,2026-04-22,216,344.78,2,Received
PO-001158,SUP-010,PRT-0028,2025-12-09,2026-02-08,2026-02-01,416,114.45,8,Received
PO-001159,SUP-016,PRT-0074,2026-09-12,2026-10-08,2026-10-03,325,26.34,1,Received
PO-001160,SUP-035,PRT-0071,2026-05-01,2026-06-18,2026-06-13,330,46.24,3,Received
PO-001161,SUP-024,PRT-0064,2026-06-03,2026-08-18,2026-08-17,209,134.03,5,Received
PO-001162,SUP-029,PRT-0088,2026-07-16,2026-10-01,2026-09-30,292,1229.19,6,Received
PO-001163,SUP-014,PRT-0008,2026-07-19,2026-09-03,2026-08-29,253,470.68,4,Received
PO-001164,SUP-018,PRT-0007,2026-05-02,2026-06-11,2026-06-06,248,162.64,1,Received
PO-001165,SUP-005,PRT-0079,2026-05-02,2026-07-20,2026-07-20,243,234.39,8,Received
PO-001166,SUP-018,PRT-0066,2026-06-13,2026-08-17,2026-08-11,251,112.33,5,Received
PO-001167,SUP-004,PRT-0040,2026-04-17,2026-05-11,2026-05-22,289,175.83,6,Received
PO-001168,SUP-007,PRT-0008,2025-12-31,2026-02-23,2026-02-19,292,535.28,5,Received
PO-001169,SUP-007,PRT-0015,2026-07-07,2026-08-03,2026-07-27,321,133.74,3,Received
PO-001170,SUP-008,PRT-0033,2026-09-27,2026-11-19,2026-11-15,333,897.65,4,Received
PO-001171,SUP-015,PRT-0034,2026-07-29,2026-10-12,2026-10-14,322,668.9,1,Received
PO-001172,SUP-010,PRT-0014,2026-04-12,2026-05-07,2026-05-06,92,92.48,2,Received
PO-001173,SUP-014,PRT-0072,2026-07-07,2026-09-27,2026-09-24,352,790.93,12,Received
PO-001174,SUP-003,PRT-0075,2026-08-25,2026-10-01,2026-09-23,102,112.93,1,Received
PO-001175,SUP-039,PRT-0071,2026-06-24,2026-08-19,2026-08-19,374,49.04,7,Received
PO-001176,SUP-010,PRT-0035,2026-03-10,2026-05-05,2026-05-03,26,415.47,3,Received
PO-001177,SUP-008,PRT-0045,2026-07-29,2026-10-11,2026-10-10,283,1186.2,4,Received
PO-001178,SUP-021,PRT-0045,2025-12-31,2026-01-24,2026-02-20,361,1389.47,6,Received
PO-001179,SUP-008,PRT-0076,2025-11-04,2026-01-23,2026-01-22,306,285.22,0,Received
PO-001180,SUP-014,PRT-0008,2026-01-11,2026-03-03,2026-03-19,115,465.93,9,Received
PO-001181,SUP-026,PRT-0065,2026-09-07,2026-10-12,2026-10-06,266,427.14,2,Received
PO-001182,SUP-026,PRT-0008,2026-02-20,2026-05-08,2026-05-04,400,509.57,8,Received
PO-001183,SUP-037,PRT-0069,2025-12-22,2026-01-20,2026-01-18,335,105.39,6,Received
PO-001184,SUP-007,PRT-0053,2026-02-11,2026-04-30,2026-04-30,294,112.51,5,Received
PO-001185,SUP-016,PRT-0074,2026-03-23,2026-04-25,2026-04-17,359,25.7,6,Received
PO-001186,SUP-008,PRT-0062,2025-10-18,2025-12-24,2025-12-23,215,250.25,1,Received
PO-001187,SUP-003,PRT-0075,2026-03-13,2026-05-23,2026-05-19,55,118.84,0,Received
PO-001188,SUP-018,PRT-0066,2026-08-15,2026-11-01,2026-10-24,288,115.96,4,Received
PO-001189,SUP-030,PRT-0031,2025-10-31,2026-01-10,2026-01-09,384,101.69,8,Received
PO-001190,SUP-037,PRT-0022,2026-08-17,2026-09-26,2026-09-25,126,76.45,2,Received
PO-001191,SUP-008,PRT-0033,2026-07-19,2026-08-19,2026-08-14,28,930.39,0,Received
PO-001192,SUP-002,PRT-0012,2026-07-15,2026-10-08,2026-10-02,42,894.28,1,Received
PO-001193,SUP-005,PRT-0053,2026-06-03,2026-07-08,2026-07-03,148,125.45,4,Received
PO-001194,SUP-018,PRT-0025,2025-12-12,2026-03-05,2026-02-25,21,746.69,0,Received
PO-001195,SUP-018,PRT-0090,2026-05-08,2026-06-23,2026-06-20,298,391.74,5,Received
PO-001196,SUP-028,PRT-0009,2026-04-28,2026-06-09,2026-06-16,408,194.26,2,Received
PO-001197,SUP-019,PRT-0044,2026-03-18,2026-05-28,2026-06-07,125,101.77,0,Received
PO-001198,SUP-016,PRT-0013,2026-03-24,2026-06-02,2026-05-28,165,339.32,3,Received
PO-001199,SUP-032,PRT-0072,2026-01-14,2026-02-09,2026-02-01,57,713.02,0,Received
PO-001200,SUP-007,PRT-0055,2026-05-05,2026-07-03,2026-07-02,229,75.78,2,Received
PO-001201,SUP-024,PRT-0025,2026-09-24,2026-12-05,2026-11-28,349,647.69,7,Received
PO-001202,SUP-011,PRT-0055,2026-03-28,2026-04-29,2026-04-27,359,86.81,10,Received
PO-001203,SUP-035,PRT-0080,2026-02-24,2026-04-17,2026-04-11,52,182.42,1,Received
PO-001204,SUP-004,PRT-0063,2026-01-24,2026-03-16,2026-03-31,340,120.86,9,Received
PO-001205,SUP-032,PRT-0015,2026-08-20,2026-11-13,2026-11-05,183,157.51,5,Received
PO-001206,SUP-027,PRT-0054,2026-08-17,2026-10-06,2026-10-01,321,364.14,9,Received
PO-001207,SUP-013,PRT-0002,2026-05-11,2026-07-28,2026-07-28,82,358.56,0,Received
PO-001208,SUP-031,PRT-0003,2026-01-21,2026-04-14,2026-04-13,20,574.17,0,Received
PO-001209,SUP-016,PRT-0074,2026-07-04,2026-09-12,2026-09-10,323,27.51,3,Received
PO-001210,SUP-015,PRT-0034,2026-07-16,2026-08-11,2026-08-10,321,690.29,1,Received
PO-001211,SUP-016,PRT-0074,2025-12-11,2026-02-15,2026-02-07,86,24.83,2,Received
PO-001212,SUP-020,PRT-0029,2026-01-13,2026-03-22,2026-03-19,138,498.04,1,Received
PO-001213,SUP-029,PRT-0083,2025-12-12,2026-01-28,2026-01-23,363,141.22,1,Received
PO-001214,SUP-031,PRT-0003,2026-09-30,2026-11-10,2026-11-05,294,590.58,5,Received
PO-001215,SUP-037,PRT-0013,2026-08-19,2026-09-13,2026-09-07,132,308.66,1,Received
PO-001216,SUP-008,PRT-0062,2026-06-07,2026-08-15,2026-08-11,296,274.0,0,Received
PO-001217,SUP-007,PRT-0082,2026-05-09,2026-06-08,2026-06-04,33,79.51,1,Received
PO-001218,SUP-009,PRT-0025,2026-03-22,2026-06-02,2026-05-25,100,718.6,2,Received
PO-001219,SUP-007,PRT-0032,2025-12-27,2026-02-22,2026-02-14,71,68.6,2,Received
PO-001220,SUP-008,PRT-0048,2025-10-25,2025-12-29,2026-01-09,391,380.08,1,Received
PO-001221,SUP-029,PRT-0051,2026-09-26,2026-10-20,2026-10-14,336,255.32,4,Received
PO-001222,SUP-029,PRT-0062,2026-03-03,2026-04-26,2026-04-22,372,227.52,5,Received
PO-001223,SUP-006,PRT-0078,2026-08-04,2026-10-28,2026-10-21,241,185.2,4,Received
PO-001224,SUP-010,PRT-0028,2026-03-28,2026-05-22,2026-06-07,173,114.65,2,Received
PO-001225,SUP-016,PRT-0024,2025-11-07,2026-01-30,2026-01-29,44,63.7,1,Received
PO-001226,SUP-008,PRT-0048,2025-12-23,2026-01-30,2026-01-24,76,349.71,1,Received
PO-001227,SUP-007,PRT-0061,2026-08-20,2026-09-30,2026-09-23,286,56.12,2,Received
PO-001228,SUP-015,PRT-0037,2025-12-26,2026-01-28,2026-01-25,222,704.91,0,Received
PO-001229,SUP-004,PRT-0063,2026-08-06,2026-09-07,2026-10-02,190,126.56,3,Received
PO-001230,SUP-015,PRT-0037,2026-02-21,2026-05-13,2026-05-06,117,723.1,0,Received
PO-001231,SUP-036,PRT-0062,2026-05-29,2026-07-01,2026-06-23,36,290.16,0,Received
PO-001232,SUP-028,PRT-0001,2026-06-27,2026-08-29,2026-08-27,46,240.08,0,Received
PO-001233,SUP-012,PRT-0026,2026-04-30,2026-06-15,2026-06-18,122,316.76,2,Received
PO-001234,SUP-018,PRT-0007,2026-09-18,2026-10-31,2026-10-29,211,162.18,0,Received
PO-001235,SUP-012,PRT-0026,2026-09-12,2026-11-11,2026-11-04,417,302.66,9,Received
PO-001236,SUP-019,PRT-0048,2025-12-28,2026-01-27,2026-01-24,197,390.88,4,Received
PO-001237,SUP-004,PRT-0063,2025-10-21,2025-12-02,2025-12-18,144,114.88,1,Received
PO-001238,SUP-034,PRT-0060,2025-10-09,2025-11-25,2025-12-24,323,92.6,10,Received
PO-001239,SUP-027,PRT-0082,2026-02-17,2026-04-10,2026-04-09,51,79.5,2,Received
PO-001240,SUP-028,PRT-0009,2026-06-22,2026-07-19,2026-07-15,390,193.3,1,Received
PO-001241,SUP-007,PRT-0053,2026-04-24,2026-05-26,2026-05-26,387,108.35,5,Received
PO-001242,SUP-027,PRT-0082,2026-05-19,2026-08-07,2026-08-02,287,83.61,6,Received
PO-001243,SUP-007,PRT-0010,2026-01-15,2026-04-08,2026-04-21,127,202.46,6,Received
PO-001244,SUP-010,PRT-0028,2026-09-26,2026-11-12,2026-11-05,281,116.33,2,Received
PO-001245,SUP-020,PRT-0029,2026-09-05,2026-10-12,2026-10-08,388,506.62,6,Received
PO-001246,SUP-007,PRT-0010,2026-01-20,2026-03-10,2026-03-10,102,218.64,1,Received
PO-001247,SUP-015,PRT-0052,2025-11-26,2026-02-05,2026-03-01,246,371.74,0,Received
PO-001248,SUP-010,PRT-0011,2025-12-02,2026-02-02,2026-03-04,70,283.75,0,Received
PO-001249,SUP-019,PRT-0044,2026-01-09,2026-04-02,2026-03-26,188,108.44,3,Received
PO-001250,SUP-007,PRT-0036,2025-12-19,2026-02-22,2026-02-18,117,166.11,1,Received
PO-001251,SUP-007,PRT-0055,2025-12-17,2026-01-23,2026-01-22,210,74.92,7,Received
PO-001252,SUP-018,PRT-0084,2025-12-08,2026-02-21,2026-02-19,68,242.86,1,Received
PO-001253,SUP-019,PRT-0078,2025-10-03,2025-12-09,2025-12-23,191,187.11,3,Received
PO-001254,SUP-027,PRT-0082,2026-06-15,2026-07-28,2026-07-27,233,83.99,1,Received
PO-001255,SUP-024,PRT-0058,2026-07-31,2026-10-01,2026-09-30,71,309.95,2,Received
PO-001256,SUP-034,PRT-0080,2026-09-21,2026-10-20,2026-10-14,375,193.1,1,Received
PO-001257,SUP-039,PRT-0084,2025-11-02,2025-12-06,2025-12-05,293,224.28,6,Received
PO-001258,SUP-005,PRT-0088,2025-11-07,2025-12-22,2025-12-21,251,1229.24,2,Received
PO-001259,SUP-035,PRT-0063,2026-01-24,2026-04-19,2026-04-16,317,128.53,10,Received
PO-001260,SUP-014,PRT-0084,2025-12-06,2026-03-01,2026-03-19,265,262.58,6,Received
PO-001261,SUP-026,PRT-0051,2026-07-25,2026-09-28,2026-09-22,216,217.67,5,Received
PO-001262,SUP-036,PRT-0016,2025-11-09,2025-12-26,2025-12-18,271,874.05,1,Received
PO-001263,SUP-040,PRT-0064,2025-12-04,2026-01-24,2026-01-17,113,135.51,0,Received
PO-001264,SUP-005,PRT-0079,2026-06-08,2026-07-18,2026-07-13,222,215.56,9,Received
PO-001265,SUP-005,PRT-0039,2026-05-20,2026-06-19,2026-07-08,142,631.95,4,Received
PO-001266,SUP-028,PRT-0001,2025-12-31,2026-01-24,2026-01-22,259,236.24,6,Received
PO-001267,SUP-023,PRT-0039,2026-01-06,2026-03-31,2026-03-29,29,607.3,0,Received
PO-001268,SUP-024,PRT-0025,2026-01-25,2026-04-14,2026-04-13,209,667.55,1,Received
PO-001269,SUP-030,PRT-0071,2026-05-03,2026-07-11,2026-07-08,174,51.44,8,Received
PO-001270,SUP-014,PRT-0008,2026-02-08,2026-03-14,2026-03-11,74,499.29,3,Received
PO-001271,SUP-015,PRT-0061,2026-04-21,2026-07-15,2026-07-10,320,67.53,2,Received
PO-001272,SUP-007,PRT-0082,2026-09-12,2026-10-21,2026-10-17,306,79.45,7,Received
PO-001273,SUP-037,PRT-0013,2026-07-28,2026-09-24,2026-09-17,407,308.38,6,Received
PO-001274,SUP-038,PRT-0046,2026-05-11,2026-07-05,2026-07-03,361,30.43,6,Received
PO-001275,SUP-035,PRT-0071,2026-01-22,2026-02-25,2026-02-20,254,44.48,1,Received
PO-001276,SUP-009,PRT-0076,2026-04-05,2026-05-26,2026-05-24,130,320.55,1,Received
PO-001277,SUP-005,PRT-0079,2026-07-27,2026-09-15,2026-09-08,289,221.55,8,Received
PO-001278,SUP-008,PRT-0028,2026-06-11,2026-08-27,2026-08-22,313,133.71,1,Received
PO-001279,SUP-020,PRT-0023,2026-04-23,2026-06-01,2026-05-27,179,158.28,2,Received
PO-001280,SUP-035,PRT-0063,2026-07-19,2026-10-10,2026-10-05,80,140.57,1,Received
PO-001281,SUP-016,PRT-0013,2026-04-15,2026-05-30,2026-05-26,360,311.53,8,Received
PO-001282,SUP-012,PRT-0026,2026-02-01,2026-03-20,2026-03-16,411,307.62,7,Received
PO-001283,SUP-028,PRT-0001,2026-06-16,2026-08-28,2026-08-27,348,227.61,2,Received
PO-001284,SUP-007,PRT-0036,2026-01-23,2026-03-28,2026-03-20,316,171.46,3,Received
PO-001285,SUP-032,PRT-0027,2026-06-11,2026-07-30,2026-07-30,232,662.8,5,Received
PO-001286,SUP-008,PRT-0028,2026-05-02,2026-06-24,2026-06-22,411,125.11,2,Received
PO-001287,SUP-027,PRT-0082,2025-10-26,2026-01-17,2026-01-15,48,77.92,0,Received
PO-001288,SUP-007,PRT-0086,2026-01-28,2026-03-27,2026-03-22,265,96.77,4,Received
PO-001289,SUP-040,PRT-0064,2025-10-02,2025-12-01,2025-12-11,368,145.19,1,Received
PO-001290,SUP-036,PRT-0016,2026-08-19,2026-09-22,2026-09-18,29,921.99,0,Received
PO-001291,SUP-003,PRT-0020,2026-04-23,2026-06-13,2026-06-11,150,79.09,3,Received
PO-001292,SUP-022,PRT-0012,2025-12-28,2026-02-02,2026-02-10,37,811.07,0,Received
PO-001293,SUP-019,PRT-0048,2025-12-09,2026-02-19,2026-03-09,167,383.93,1,Received
PO-001294,SUP-007,PRT-0005,2025-12-17,2026-02-14,2026-02-08,227,288.86,6,Received
PO-001295,SUP-037,PRT-0013,2026-07-23,2026-09-23,2026-09-20,176,294.83,2,Received
PO-001296,SUP-017,PRT-0042,2026-07-15,2026-08-08,2026-08-07,164,598.39,0,Received
PO-001297,SUP-012,PRT-0087,2026-05-28,2026-07-24,2026-07-23,351,173.26,12,Received
PO-001298,SUP-038,PRT-0046,2025-12-07,2026-01-02,2025-12-28,77,33.4,2,Received
PO-001299,SUP-005,PRT-0018,2026-05-19,2026-08-05,2026-08-03,379,72.2,3,Received
PO-001300,SUP-003,PRT-0057,2026-06-25,2026-07-25,2026-07-20,286,164.2,2,Received
PO-001301,SUP-018,PRT-0066,2026-05-09,2026-06-22,2026-06-15,87,115.24,0,Received
PO-001302,SUP-039,PRT-0084,2026-02-11,2026-03-11,2026-03-10,102,230.2,1,Received
PO-001303,SUP-032,PRT-0015,2025-12-01,2026-02-08,2026-02-08,155,175.26,2,Received
PO-001304,SUP-028,PRT-0001,2026-04-13,2026-06-13,2026-06-07,217,236.24,4,Received
PO-001305,SUP-026,PRT-0065,2025-12-24,2026-02-21,2026-02-18,224,438.97,2,Received
PO-001306,SUP-015,PRT-0034,2026-01-28,2026-02-25,2026-02-18,248,703.12,1,Received
PO-001307,SUP-036,PRT-0038,2026-01-06,2026-02-15,2026-02-11,21,102.18,0,Received
PO-001308,SUP-008,PRT-0054,2026-07-25,2026-09-12,2026-09-09,378,361.52,2,Received
PO-001309,SUP-019,PRT-0044,2025-11-20,2026-01-25,2026-01-24,363,100.99,7,Received
PO-001310,SUP-019,PRT-0044,2026-09-09,2026-11-17,2026-11-14,199,99.17,4,Received
PO-001311,SUP-022,PRT-0012,2026-02-23,2026-05-04,2026-05-04,228,828.53,4,Received
PO-001312,SUP-003,PRT-0075,2026-06-02,2026-08-01,2026-07-24,113,115.75,0,Received
PO-001313,SUP-026,PRT-0051,2026-09-05,2026-11-14,2026-11-10,18,207.8,0,Received
PO-001314,SUP-024,PRT-0058,2026-04-05,2026-05-21,2026-05-20,138,320.8,0,Received
PO-001315,SUP-027,PRT-0052,2025-12-22,2026-02-20,2026-03-15,214,332.1,1,Received
PO-001316,SUP-007,PRT-0008,2026-02-23,2026-05-12,2026-05-07,187,525.02,5,Received
PO-001317,SUP-027,PRT-0052,2025-11-24,2026-01-19,2026-01-11,346,318.29,7,Received
PO-001318,SUP-014,PRT-0084,2025-11-11,2025-12-17,2025-12-25,298,277.52,4,Received
PO-001319,SUP-014,PRT-0006,2026-02-05,2026-03-25,2026-04-22,173,257.76,3,Received
PO-001320,SUP-007,PRT-0082,2026-06-13,2026-08-23,2026-08-18,374,79.14,4,Received
PO-001321,SUP-031,PRT-0086,2026-05-07,2026-06-23,2026-06-17,66,96.37,0,Received
PO-001322,SUP-013,PRT-0045,2025-11-23,2026-01-18,2026-02-15,128,1226.16,1,Received
PO-001323,SUP-024,PRT-0025,2025-10-04,2025-12-13,2025-12-11,225,636.02,3,Received
PO-001324,SUP-010,PRT-0014,2026-07-26,2026-10-03,2026-09-25,363,92.72,9,Received
PO-001325,SUP-014,PRT-0084,2026-09-02,2026-11-04,2026-10-28,185,262.76,5,Received
PO-001326,SUP-016,PRT-0085,2026-04-27,2026-06-21,2026-06-19,214,68.71,3,Received
PO-001327,SUP-003,PRT-0057,2026-06-07,2026-08-21,2026-08-17,150,155.12,1,Received
PO-001328,SUP-025,PRT-0056,2025-11-14,2026-01-05,2026-01-01,192,203.43,4,Received
PO-001329,SUP-036,PRT-0014,2026-05-14,2026-07-27,2026-07-20,108,93.97,0,Received
PO-001330,SUP-026,PRT-0065,2025-12-17,2026-01-25,2026-01-24,415,440.59,8,Received
PO-001331,SUP-032,PRT-0039,2026-02-02,2026-03-29,2026-03-21,75,679.28,3,Received
PO-001332,SUP-025,PRT-0050,2026-08-03,2026-09-22,2026-09-21,283,277.39,2,Received
PO-001333,SUP-007,PRT-0082,2026-06-18,2026-08-26,2026-09-13,318,79.15,5,Received
PO-001334,SUP-009,PRT-0076,2026-09-20,2026-10-19,2026-10-12,279,301.34,6,Received
PO-001335,SUP-019,PRT-0048,2026-01-24,2026-02-25,2026-02-24,406,380.54,7,Received
PO-001336,SUP-020,PRT-0023,2026-01-13,2026-03-28,2026-03-26,146,154.58,2,Received
PO-001337,SUP-017,PRT-0042,2026-07-15,2026-08-29,2026-08-29,85,604.05,2,Received
PO-001338,SUP-035,PRT-0059,2025-11-10,2025-12-23,2025-12-17,104,104.26,2,Received
PO-001339,SUP-011,PRT-0055,2025-10-02,2025-11-23,2025-11-16,205,87.76,2,Received
PO-001340,SUP-022,PRT-0050,2025-11-16,2025-12-20,2025-12-17,198,277.59,1,Received
PO-001341,SUP-006,PRT-0078,2026-06-17,2026-08-18,2026-08-12,30,168.37,0,Received
PO-001342,SUP-035,PRT-0080,2026-01-08,2026-02-07,2026-01-31,298,187.55,4,Received
PO-001343,SUP-024,PRT-0058,2026-07-23,2026-10-08,2026-10-06,149,302.45,5,Received
PO-001344,SUP-027,PRT-0054,2026-02-04,2026-03-18,2026-03-11,261,325.99,8,Received
PO-001345,SUP-015,PRT-0066,2026-04-20,2026-05-22,2026-05-19,201,96.47,1,Received
PO-001346,SUP-012,PRT-0026,2026-01-28,2026-03-14,2026-03-11,370,318.98,8,Received
PO-001347,SUP-009,PRT-0004,2026-05-11,2026-06-14,2026-06-11,132,360.57,1,Received
PO-001348,SUP-015,PRT-0052,2026-06-25,2026-08-11,2026-08-08,266,358.49,3,Received
PO-001349,SUP-015,PRT-0037,2026-09-21,2026-11-20,2026-11-14,369,738.01,1,Received
PO-001350,SUP-018,PRT-0007,2026-02-15,2026-04-08,2026-04-04,300,169.39,1,Received
PO-001351,SUP-036,PRT-0038,2026-03-25,2026-06-03,2026-06-02,131,107.07,0,Received
PO-001352,SUP-035,PRT-0071,2026-02-01,2026-04-05,2026-03-29,124,42.17,2,Received
PO-001353,SUP-010,PRT-0014,2026-08-28,2026-11-20,2026-11-20,37,90.53,1,Received
PO-001354,SUP-010,PRT-0028,2026-03-17,2026-05-29,2026-06-12,355,114.42,10,Received
PO-001355,SUP-029,PRT-0051,2026-02-06,2026-04-24,2026-05-22,156,227.13,2,Received
PO-001356,SUP-020,PRT-0023,2026-08-10,2026-10-19,2026-11-01,362,156.23,2,Received
PO-001357,SUP-018,PRT-0007,2026-07-21,2026-08-25,2026-08-20,82,155.43,1,Received
PO-001358,SUP-014,PRT-0038,2026-02-16,2026-05-06,2026-05-06,377,102.42,10,Received
PO-001359,SUP-020,PRT-0074,2026-01-16,2026-03-02,2026-02-27,382,23.17,7,Received
PO-001360,SUP-015,PRT-0037,2026-07-19,2026-09-09,2026-10-09,192,705.8,1,Received
PO-001361,SUP-019,PRT-0048,2026-08-13,2026-09-30,2026-10-03,314,392.62,5,Received
PO-001362,SUP-028,PRT-0043,2026-01-15,2026-02-23,2026-02-23,369,39.15,2,Received
PO-001363,SUP-009,PRT-0068,2026-06-19,2026-07-24,2026-07-17,167,176.38,1,Received
PO-001364,SUP-022,PRT-0050,2026-05-10,2026-07-18,2026-07-10,226,275.6,3,Received
PO-001365,SUP-036,PRT-0014,2026-05-24,2026-08-05,2026-07-30,398,94.14,0,Received
PO-001366,SUP-011,PRT-0055,2026-01-28,2026-02-22,2026-02-19,49,86.25,1,Received
PO-001367,SUP-040,PRT-0049,2025-10-19,2026-01-09,2026-01-08,321,251.79,0,Received
PO-001368,SUP-039,PRT-0084,2026-03-27,2026-06-18,2026-06-28,79,249.98,0,Received
PO-001369,SUP-013,PRT-0045,2025-10-26,2025-12-23,2025-12-15,105,1287.39,1,Received
PO-001370,SUP-018,PRT-0090,2026-04-01,2026-05-10,2026-05-10,371,433.66,3,Received
PO-001371,SUP-015,PRT-0037,2026-09-22,2026-10-19,2026-10-18,197,753.05,2,Received
PO-001372,SUP-032,PRT-0039,2026-03-02,2026-05-24,2026-05-18,107,646.75,4,Received
PO-001373,SUP-016,PRT-0033,2025-12-13,2026-02-03,2026-01-27,26,917.22,2,Received
PO-001374,SUP-014,PRT-0008,2025-10-20,2025-12-30,2025-12-28,405,462.95,3,Received
PO-001375,SUP-035,PRT-0080,2025-12-16,2026-01-24,2026-01-22,21,172.89,0,Received
PO-001376,SUP-008,PRT-0045,2025-12-08,2026-02-14,2026-02-08,99,1294.18,1,Received
PO-001377,SUP-006,PRT-0077,2025-10-07,2025-11-07,2025-11-07,378,213.13,3,Received
PO-001378,SUP-005,PRT-0039,2026-03-13,2026-04-17,2026-04-17,148,620.87,3,Received
PO-001379,SUP-028,PRT-0081,2026-09-17,2026-12-07,2026-12-05,45,99.73,0,Received
PO-001380,SUP-003,PRT-0020,2025-10-02,2025-12-20,2025-12-17,189,75.94,2,Received
PO-001381,SUP-008,PRT-0028,2026-07-25,2026-08-30,2026-08-24,245,127.97,2,Received
PO-001382,SUP-027,PRT-0052,2026-04-16,2026-06-30,2026-06-26,388,334.25,7,Received
PO-001383,SUP-020,PRT-0029,2025-12-04,2025-12-29,2026-01-19,334,498.75,8,Received
PO-001384,SUP-007,PRT-0086,2026-07-09,2026-08-03,2026-07-28,118,89.54,0,Received
PO-001385,SUP-038,PRT-0004,2025-11-09,2025-12-06,2025-12-20,216,337.25,3,Received
PO-001386,SUP-007,PRT-0036,2026-05-30,2026-07-23,2026-07-17,25,167.37,0,Received
PO-001387,SUP-004,PRT-0041,2025-11-11,2026-01-30,2026-01-28,144,274.04,3,Received
PO-001388,SUP-002,PRT-0012,2026-03-05,2026-05-29,2026-05-21,364,904.53,5,Received
PO-001389,SUP-003,PRT-0057,2026-01-19,2026-03-03,2026-03-01,185,163.71,2,Received
PO-001390,SUP-020,PRT-0029,2025-12-15,2026-01-30,2026-01-29,214,541.93,3,Received
PO-001391,SUP-009,PRT-0025,2025-12-31,2026-01-28,2026-01-25,332,724.07,1,Received
PO-001392,SUP-029,PRT-0062,2025-12-18,2026-01-28,2026-01-22,253,227.51,2,Received
PO-001393,SUP-036,PRT-0058,2026-06-10,2026-07-11,2026-07-08,262,286.43,0,Received
PO-001394,SUP-014,PRT-0022,2025-12-12,2026-02-27,2026-02-23,374,77.95,8,Received
PO-001395,SUP-034,PRT-0027,2026-04-20,2026-06-20,2026-06-17,155,740.76,6,Received
PO-001396,SUP-039,PRT-0071,2025-12-22,2026-01-21,2026-01-29,329,44.02,7,Received
PO-001397,SUP-008,PRT-0073,2026-07-13,2026-08-09,2026-08-04,248,224.76,5,Received
PO-001398,SUP-008,PRT-0054,2026-01-22,2026-02-15,2026-02-09,178,361.62,0,Received
PO-001399,SUP-024,PRT-0082,2026-06-08,2026-08-01,2026-07-28,341,83.78,4,Received
PO-001400,SUP-025,PRT-0050,2026-06-15,2026-07-18,2026-08-12,72,287.6,0,Received
PO-001401,SUP-009,PRT-0076,2025-10-31,2026-01-08,2026-01-07,183,317.6,7,Received
PO-001402,SUP-002,PRT-0029,2026-03-15,2026-05-31,2026-06-28,226,554.66,5,Received
PO-001403,SUP-028,PRT-0070,2026-08-10,2026-10-22,2026-10-22,44,104.8,1,Received
PO-001404,SUP-005,PRT-0053,2026-03-15,2026-05-04,2026-05-03,29,127.67,0,Received
PO-001405,SUP-021,PRT-0045,2025-12-06,2026-01-17,2026-01-10,89,1445.82,3,Received
PO-001406,SUP-025,PRT-0050,2026-04-25,2026-05-31,2026-05-29,254,275.78,3,Received
PO-001407,SUP-039,PRT-0084,2026-03-22,2026-04-23,2026-04-20,330,231.93,6,Received
PO-001408,SUP-035,PRT-0080,2026-03-13,2026-05-28,2026-05-27,91,190.39,0,Received
PO-001409,SUP-027,PRT-0082,2026-02-04,2026-03-03,2026-03-12,258,79.73,2,Received
PO-001410,SUP-005,PRT-0053,2026-07-30,2026-10-19,2026-11-17,112,120.58,1,Received
PO-001411,SUP-013,PRT-0002,2026-04-24,2026-06-23,2026-06-20,136,365.18,0,Received
PO-001412,SUP-024,PRT-0057,2026-05-19,2026-07-09,2026-07-05,45,155.14,0,Received
PO-001413,SUP-026,PRT-0065,2026-04-12,2026-07-02,2026-06-30,48,430.91,0,Received
PO-001414,SUP-010,PRT-0011,2026-04-26,2026-07-01,2026-07-31,157,261.68,0,Received
PO-001415,SUP-005,PRT-0021,2026-08-17,2026-10-19,2026-10-18,265,152.98,4,Received
PO-001416,SUP-017,PRT-0042,2025-12-22,2026-02-03,2026-01-29,248,616.45,7,Received
PO-001417,SUP-018,PRT-0090,2026-01-02,2026-02-24,2026-02-28,219,409.77,4,Received
PO-001418,SUP-026,PRT-0051,2026-06-28,2026-09-08,2026-09-07,150,214.58,3,Received
PO-001419,SUP-019,PRT-0078,2026-05-26,2026-08-13,2026-08-18,323,187.21,4,Received
PO-001420,SUP-036,PRT-0062,2026-05-13,2026-06-06,2026-05-30,168,264.39,0,Received
PO-001421,SUP-007,PRT-0015,2025-12-05,2026-01-29,2026-01-21,154,130.79,3,Received
PO-001422,SUP-007,PRT-0015,2026-02-07,2026-04-09,2026-04-05,15,139.71,0,Received
PO-001423,SUP-009,PRT-0065,2026-01-07,2026-02-19,2026-02-18,33,437.47,0,Received
PO-001424,SUP-006,PRT-0077,2025-10-26,2025-11-29,2025-12-26,155,202.46,4,Received
PO-001425,SUP-005,PRT-0088,2025-12-18,2026-01-24,2026-01-16,205,1260.88,6,Received
PO-001426,SUP-019,PRT-0044,2026-07-08,2026-08-24,2026-08-17,82,104.07,0,Received
PO-001427,SUP-034,PRT-0060,2026-05-20,2026-07-29,2026-07-28,299,101.49,12,Received
PO-001428,SUP-017,PRT-0042,2026-01-25,2026-04-03,2026-03-27,216,615.02,2,Received
PO-001429,SUP-026,PRT-0047,2026-06-09,2026-07-07,2026-07-04,128,447.11,5,Received
PO-001430,SUP-014,PRT-0086,2026-04-24,2026-07-05,2026-07-04,171,103.06,1,Received
PO-001431,SUP-036,PRT-0016,2026-06-06,2026-08-03,2026-07-28,349,967.87,3,Received
PO-001432,SUP-031,PRT-0003,2026-06-24,2026-07-23,2026-07-23,25,547.98,1,Received
PO-001433,SUP-014,PRT-0008,2026-07-17,2026-09-16,2026-10-14,279,495.11,1,Received
PO-001434,SUP-010,PRT-0028,2025-10-04,2025-12-20,2025-12-26,124,123.06,6,Received
PO-001435,SUP-014,PRT-0086,2026-07-22,2026-08-20,2026-08-15,214,100.94,3,Received
PO-001436,SUP-036,PRT-0016,2026-07-18,2026-10-03,2026-09-28,363,870.61,3,Received
PO-001437,SUP-026,PRT-0019,2026-04-21,2026-05-20,2026-05-15,126,257.93,1,Received
PO-001438,SUP-007,PRT-0010,2026-01-14,2026-02-18,2026-02-24,289,215.02,5,Received
PO-001439,SUP-026,PRT-0008,2026-04-29,2026-07-08,2026-07-07,165,477.19,2,Received
PO-001440,SUP-038,PRT-0046,2026-05-03,2026-06-01,2026-06-27,155,32.98,2,Received
PO-001441,SUP-003,PRT-0075,2026-06-19,2026-07-27,2026-07-22,406,120.11,3,Received
PO-001442,SUP-028,PRT-0070,2026-08-24,2026-09-29,2026-09-21,154,104.19,1,Received
PO-001443,SUP-026,PRT-0013,2025-10-27,2025-12-06,2025-12-03,419,323.66,5,Received
PO-001444,SUP-036,PRT-0058,2026-03-18,2026-04-11,2026-04-04,141,284.86,0,Received
PO-001445,SUP-008,PRT-0022,2026-03-19,2026-06-01,2026-05-25,354,74.95,2,Received
PO-001446,SUP-008,PRT-0062,2026-03-09,2026-04-07,2026-04-02,198,256.91,2,Received
PO-001447,SUP-003,PRT-0075,2025-12-12,2026-02-09,2026-02-06,65,118.88,1,Received
PO-001448,SUP-008,PRT-0022,2026-03-25,2026-06-02,2026-05-26,59,82.04,0,Received
PO-001449,SUP-039,PRT-0084,2026-04-22,2026-07-14,2026-07-07,143,247.74,2,Received
PO-001450,SUP-032,PRT-0072,2026-05-15,2026-06-16,2026-06-10,103,730.83,0,Received
PO-001451,SUP-008,PRT-0033,2026-04-06,2026-05-06,2026-05-01,196,881.93,0,Received
PO-001452,SUP-034,PRT-0080,2025-12-05,2026-02-28,2026-02-22,265,199.91,10,Received
PO-001453,SUP-008,PRT-0076,2026-05-12,2026-06-10,2026-06-06,109,286.0,0,Received
PO-001454,SUP-035,PRT-0059,2026-06-17,2026-08-07,2026-08-07,143,102.03,1,Received
PO-001455,SUP-024,PRT-0025,2026-04-23,2026-06-19,2026-06-18,319,639.88,3,Received
PO-001456,SUP-036,PRT-0014,2026-03-20,2026-04-23,2026-04-22,329,87.83,0,Received
PO-001457,SUP-036,PRT-0001,2026-08-24,2026-11-14,2026-11-08,130,220.49,0,Received
PO-001458,SUP-009,PRT-0068,2025-10-28,2026-01-08,2026-01-07,318,181.75,6,Received
PO-001459,SUP-003,PRT-0057,2026-01-31,2026-04-26,2026-04-19,234,168.04,1,Received
PO-001460,SUP-030,PRT-0090,2026-03-03,2026-05-15,2026-05-15,132,413.97,1,Received
PO-001461,SUP-020,PRT-0023,2026-03-12,2026-04-22,2026-05-04,330,155.5,2,Received
PO-001462,SUP-008,PRT-0028,2025-11-18,2025-12-14,2025-12-14,130,137.91,0,Received
PO-001463,SUP-007,PRT-0005,2025-11-08,2025-12-31,2025-12-31,294,306.33,5,Received
PO-001464,SUP-024,PRT-0064,2026-04-13,2026-07-05,2026-07-10,115,142.56,3,Received
PO-001465,SUP-029,PRT-0051,2026-09-23,2026-12-17,2026-12-11,251,252.48,1,Received
PO-001466,SUP-016,PRT-0024,2025-12-19,2026-02-20,2026-02-13,350,58.45,10,Received
PO-001467,SUP-026,PRT-0067,2026-08-20,2026-09-17,2026-09-09,280,550.66,1,Received
PO-001468,SUP-034,PRT-0060,2026-06-17,2026-08-10,2026-08-04,288,101.38,7,Received
PO-001469,SUP-040,PRT-0003,2026-02-17,2026-04-27,2026-04-20,44,541.82,1,Received
PO-001470,SUP-034,PRT-0027,2026-05-14,2026-06-08,2026-06-03,164,733.12,2,Received
PO-001471,SUP-004,PRT-0041,2026-09-22,2026-12-01,2026-11-23,76,277.79,1,Received
PO-001472,SUP-035,PRT-0063,2026-08-03,2026-10-21,2026-10-20,307,129.03,2,Received
PO-001473,SUP-007,PRT-0032,2026-03-16,2026-04-17,2026-04-15,209,67.72,4,Received
PO-001474,SUP-007,PRT-0061,2026-01-29,2026-03-17,2026-03-17,384,62.56,8,Received
PO-001475,SUP-018,PRT-0066,2026-03-30,2026-06-10,2026-06-05,283,107.81,1,Received
PO-001476,SUP-036,PRT-0062,2026-03-16,2026-05-14,2026-05-13,259,292.72,1,Received
PO-001477,SUP-007,PRT-0015,2025-12-06,2026-02-03,2026-02-17,135,145.79,2,Received
PO-001478,SUP-012,PRT-0087,2025-10-18,2025-11-13,2025-12-09,322,177.12,7,Received
PO-001479,SUP-009,PRT-0065,2025-10-07,2025-11-01,2025-10-28,238,412.56,4,Received
PO-001480,SUP-016,PRT-0024,2026-09-21,2026-11-07,2026-10-31,287,62.04,0,Received
PO-001481,SUP-026,PRT-0063,2025-12-11,2026-03-04,2026-02-25,18,121.86,0,Received
PO-001482,SUP-018,PRT-0066,2025-11-10,2025-12-11,2025-12-10,381,114.03,9,Received
PO-001483,SUP-011,PRT-0055,2025-10-15,2025-12-26,2025-12-26,137,87.01,4,Received
PO-001484,SUP-039,PRT-0084,2025-11-25,2026-01-02,2025-12-27,222,250.39,3,Received
PO-001485,SUP-018,PRT-0007,2026-04-11,2026-05-12,2026-05-05,69,160.29,1,Received
PO-001486,SUP-013,PRT-0002,2026-09-01,2026-09-25,2026-09-27,239,362.65,5,Received
PO-001487,SUP-003,PRT-0021,2026-03-15,2026-05-13,2026-05-13,129,150.22,4,Received
PO-001488,SUP-008,PRT-0028,2026-02-21,2026-05-04,2026-04-27,176,129.26,1,Received
PO-001489,SUP-006,PRT-0077,2026-09-20,2026-11-05,2026-11-04,171,209.08,1,Received
PO-001490,SUP-001,PRT-0027,2026-05-29,2026-07-15,2026-07-14,276,608.32,5,Received
PO-001491,SUP-024,PRT-0064,2025-12-09,2026-02-02,2026-02-02,108,138.52,4,Received
PO-001492,SUP-034,PRT-0027,2026-04-15,2026-06-01,2026-05-29,68,748.99,2,Received
PO-001493,SUP-018,PRT-0066,2026-06-25,2026-09-08,2026-09-08,213,112.85,3,Received
PO-001494,SUP-039,PRT-0071,2025-10-12,2025-12-31,2025-12-29,189,45.11,2,Received
PO-001495,SUP-026,PRT-0065,2026-05-26,2026-07-18,2026-07-17,271,411.89,3,Received
PO-001496,SUP-007,PRT-0008,2026-07-08,2026-08-28,2026-08-20,285,560.67,5,Received
PO-001497,SUP-015,PRT-0066,2026-07-27,2026-09-29,2026-10-26,240,92.83,2,Received
PO-001498,SUP-040,PRT-0064,2026-02-28,2026-04-07,2026-04-02,130,148.64,0,Received
PO-001499,SUP-034,PRT-0060,2026-03-13,2026-04-06,2026-04-05,379,99.44,8,Received
PO-001500,SUP-017,PRT-0089,2025-12-12,2026-02-25,2026-02-20,227,159.51,3,Received
PO-001501,SUP-008,PRT-0045,2026-04-24,2026-07-07,2026-07-03,17,1216.32,0,Received
PO-001502,SUP-013,PRT-0002,2026-08-23,2026-11-16,2026-11-10,196,389.41,2,Received
PO-001503,SUP-031,PRT-0003,2026-03-01,2026-03-30,2026-04-15,198,531.41,1,Received
PO-001504,SUP-016,PRT-0024,2025-10-20,2025-12-20,2025-12-20,400,63.1,8,Received
PO-001505,SUP-003,PRT-0057,2025-10-09,2025-12-22,2025-12-18,26,164.91,0,Received
PO-001506,SUP-020,PRT-0029,2026-01-03,2026-02-14,2026-02-11,186,503.22,2,Received
PO-001507,SUP-014,PRT-0072,2026-02-17,2026-05-04,2026-04-26,62,753.37,0,Received
PO-001508,SUP-013,PRT-0010,2025-11-12,2026-01-31,2026-01-24,130,214.3,2,Received
PO-001509,SUP-008,PRT-0048,2026-01-12,2026-02-13,2026-02-06,159,378.85,0,Received
PO-001510,SUP-024,PRT-0064,2026-07-02,2026-09-04,2026-09-02,290,145.9,7,Received
PO-001511,SUP-012,PRT-0026,2026-08-17,2026-10-03,2026-10-01,39,305.26,0,Received
PO-001512,SUP-032,PRT-0039,2026-04-29,2026-06-07,2026-06-16,53,662.04,1,Received
PO-001513,SUP-015,PRT-0066,2026-05-25,2026-07-05,2026-07-03,42,94.04,0,Received
PO-001514,SUP-028,PRT-0009,2026-06-29,2026-08-25,2026-09-05,270,192.08,3,Received
PO-001515,SUP-007,PRT-0015,2026-01-20,2026-03-31,2026-03-28,211,133.46,2,Received
PO-001516,SUP-017,PRT-0089,2025-10-28,2026-01-16,2026-01-09,106,156.04,0,Received
PO-001517,SUP-026,PRT-0019,2025-12-08,2026-01-15,2026-01-14,183,252.44,4,Received
PO-001518,SUP-009,PRT-0076,2026-02-24,2026-05-09,2026-05-04,258,332.41,6,Received
PO-001519,SUP-027,PRT-0052,2026-02-22,2026-04-23,2026-04-15,115,346.54,2,Received
PO-001520,SUP-006,PRT-0077,2026-02-10,2026-04-27,2026-04-27,180,214.83,0,Received
PO-001521,SUP-016,PRT-0024,2026-01-15,2026-03-30,2026-04-26,410,60.58,6,Received
PO-001522,SUP-040,PRT-0049,2026-06-13,2026-08-11,2026-08-03,367,253.56,1,Received
PO-001523,SUP-019,PRT-0076,2026-08-10,2026-10-09,2026-10-04,410,303.11,5,Received
PO-001524,SUP-013,PRT-0002,2025-10-30,2026-01-20,2026-01-17,284,379.83,8,Received
PO-001525,SUP-024,PRT-0082,2026-03-23,2026-04-17,2026-04-12,125,82.12,2,Received
PO-001526,SUP-026,PRT-0008,2026-03-08,2026-04-13,2026-04-05,214,480.36,2,Received
PO-001527,SUP-017,PRT-0049,2026-05-17,2026-07-25,2026-07-23,311,240.22,6,Received
PO-001528,SUP-007,PRT-0086,2026-03-14,2026-04-23,2026-05-17,138,90.08,2,Received
PO-001529,SUP-007,PRT-0015,2026-06-04,2026-08-07,2026-08-11,356,134.49,5,Received
PO-001530,SUP-007,PRT-0086,2026-05-19,2026-07-03,2026-06-25,275,96.95,5,Received
PO-001531,SUP-005,PRT-0039,2026-04-29,2026-06-02,2026-06-27,248,636.49,4,Received
PO-001532,SUP-009,PRT-0065,2026-07-21,2026-10-09,2026-10-05,417,416.1,6,Received
PO-001533,SUP-020,PRT-0029,2026-04-11,2026-05-10,2026-05-02,397,505.46,6,Received
PO-001534,SUP-005,PRT-0021,2026-05-21,2026-06-17,2026-07-03,286,158.69,7,Received
PO-001535,SUP-034,PRT-0080,2026-05-29,2026-08-08,2026-08-04,267,211.59,3,Received
PO-001536,SUP-036,PRT-0058,2025-11-19,2026-01-30,2026-01-26,398,286.95,0,Received
PO-001537,SUP-020,PRT-0023,2026-09-18,2026-11-04,2026-11-11,231,157.33,3,Received
PO-001538,SUP-031,PRT-0086,2025-11-17,2026-01-02,2025-12-25,249,94.93,2,Received
PO-001539,SUP-028,PRT-0070,2026-01-08,2026-03-27,2026-03-21,227,103.98,5,Received
PO-001540,SUP-005,PRT-0018,2026-06-28,2026-08-19,2026-08-11,74,77.15,3,Received
PO-001541,SUP-026,PRT-0063,2025-10-20,2025-12-23,2025-12-23,175,122.19,1,Received
PO-001542,SUP-029,PRT-0051,2025-10-02,2025-11-04,2025-11-03,297,250.14,2,Received
PO-001543,SUP-036,PRT-0016,2026-05-05,2026-07-19,2026-07-16,209,957.16,0,Received
PO-001544,SUP-039,PRT-0084,2026-06-22,2026-07-25,2026-07-20,388,225.34,6,Received
PO-001545,SUP-009,PRT-0025,2025-12-07,2026-01-07,2026-01-07,402,763.83,5,Received
PO-001546,SUP-032,PRT-0039,2026-03-21,2026-06-06,2026-06-06,185,670.4,6,Received
PO-001547,SUP-005,PRT-0039,2026-04-18,2026-06-03,2026-05-30,419,594.05,9,Received
PO-001548,SUP-035,PRT-0080,2026-07-13,2026-09-30,2026-10-28,198,177.5,1,Received
PO-001549,SUP-002,PRT-0059,2026-01-06,2026-02-26,2026-02-24,35,110.89,0,Received
PO-001550,SUP-007,PRT-0032,2026-03-25,2026-05-24,2026-05-20,371,70.97,8,Received
PO-001551,SUP-016,PRT-0024,2026-08-08,2026-10-20,2026-11-06,340,57.35,3,Received
PO-001552,SUP-005,PRT-0018,2026-06-16,2026-07-20,2026-07-20,344,69.06,7,Received
PO-001553,SUP-007,PRT-0053,2025-12-31,2026-02-07,2026-01-30,73,111.88,2,Received
PO-001554,SUP-039,PRT-0084,2026-05-17,2026-07-23,2026-07-19,384,245.26,4,Received
PO-001555,SUP-035,PRT-0063,2026-08-15,2026-09-08,2026-09-04,248,137.42,2,Received
PO-001556,SUP-039,PRT-0071,2026-05-05,2026-07-16,2026-07-22,402,47.54,6,Received
PO-001557,SUP-004,PRT-0040,2026-09-21,2026-11-20,2026-11-14,78,169.61,1,Received
PO-001558,SUP-010,PRT-0035,2026-03-16,2026-05-31,2026-06-14,255,420.06,9,Received
PO-001559,SUP-036,PRT-0016,2026-03-19,2026-05-25,2026-05-21,98,886.47,1,Received
PO-001560,SUP-003,PRT-0020,2026-05-09,2026-06-22,2026-06-14,46,79.35,0,Received
PO-001561,SUP-028,PRT-0043,2026-04-02,2026-05-13,2026-05-26,43,39.12,0,Received
PO-001562,SUP-008,PRT-0062,2026-09-02,2026-11-25,2026-11-23,15,259.74,0,Received
PO-001563,SUP-006,PRT-0077,2026-02-06,2026-04-17,2026-04-13,345,215.52,5,Received
PO-001564,SUP-024,PRT-0082,2026-06-13,2026-08-17,2026-08-09,277,82.39,2,Received
PO-001565,SUP-016,PRT-0085,2025-11-22,2026-01-07,2026-01-02,377,62.62,6,Received
PO-001566,SUP-024,PRT-0082,2025-12-06,2026-01-30,2026-01-26,253,76.75,1,Received
PO-001567,SUP-002,PRT-0029,2025-11-10,2026-01-03,2026-01-14,289,588.31,4,Received
PO-001568,SUP-026,PRT-0067,2026-09-11,2026-11-29,2026-11-22,320,570.94,4,Received
PO-001569,SUP-022,PRT-0012,2026-02-11,2026-03-10,2026-03-07,171,775.21,2,Received
PO-001570,SUP-005,PRT-0018,2026-03-07,2026-04-08,2026-04-01,243,71.65,8,Received
PO-001571,SUP-027,PRT-0054,2026-08-24,2026-11-05,2026-11-05,336,341.17,7,Received
PO-001572,SUP-026,PRT-0065,2026-05-31,2026-08-17,2026-08-13,294,426.18,3,Received
PO-001573,SUP-007,PRT-0010,2026-06-30,2026-07-26,2026-07-19,198,215.14,6,Received
PO-001574,SUP-003,PRT-0020,2026-09-18,2026-10-14,2026-10-08,30,72.54,0,Received
PO-001575,SUP-038,PRT-0004,2026-01-08,2026-03-08,2026-03-15,44,358.36,0,Received
PO-001576,SUP-016,PRT-0024,2026-04-17,2026-06-27,2026-06-23,406,58.19,4,Received
PO-001577,SUP-021,PRT-0045,2026-08-10,2026-09-22,2026-09-29,245,1364.37,6,Received
PO-001578,SUP-009,PRT-0025,2025-12-21,2026-03-11,2026-03-06,100,730.13,6,Received
PO-001579,SUP-007,PRT-0015,2026-09-28,2026-11-26,2026-11-24,209,135.92,4,Received
PO-001580,SUP-037,PRT-0010,2026-06-14,2026-09-06,2026-08-30,38,191.63,0,Received
PO-001581,SUP-034,PRT-0030,2025-11-30,2026-01-01,2025-12-28,287,155.09,5,Received
PO-001582,SUP-002,PRT-0012,2025-11-26,2026-01-14,2026-01-11,345,860.3,2,Received
PO-001583,SUP-017,PRT-0049,2026-03-30,2026-05-01,2026-05-22,197,233.81,5,Received
PO-001584,SUP-014,PRT-0086,2025-10-05,2025-11-28,2025-11-20,317,104.01,7,Received
PO-001585,SUP-033,PRT-0048,2026-05-09,2026-06-08,2026-06-01,335,385.89,1,Received
PO-001586,SUP-005,PRT-0079,2026-05-21,2026-06-26,2026-07-12,236,218.96,5,Received
PO-001587,SUP-017,PRT-0042,2025-10-17,2026-01-10,2026-01-05,87,619.27,3,Received
PO-001588,SUP-015,PRT-0034,2026-03-10,2026-04-20,2026-04-18,246,646.86,0,Received
PO-001589,SUP-040,PRT-0064,2025-11-12,2025-12-12,2025-12-09,377,140.87,1,Received
PO-001590,SUP-037,PRT-0013,2026-08-01,2026-08-29,2026-08-25,241,298.22,2,Received
PO-001591,SUP-021,PRT-0045,2026-07-21,2026-08-30,2026-08-28,128,1359.98,3,Received
PO-001592,SUP-003,PRT-0081,2026-09-13,2026-10-22,2026-10-19,102,98.19,1,Received
PO-001593,SUP-037,PRT-0069,2026-04-01,2026-05-15,2026-05-25,286,109.1,1,Received
PO-001594,SUP-016,PRT-0074,2025-11-22,2026-01-11,2026-01-04,292,26.31,3,Received
PO-001595,SUP-016,PRT-0013,2026-09-21,2026-11-28,2026-12-04,145,318.97,2,Received
PO-001596,SUP-033,PRT-0048,2026-09-04,2026-11-13,2026-12-03,106,397.02,0,Received
PO-001597,SUP-017,PRT-0042,2026-08-18,2026-10-20,2026-10-14,32,614.76,1,Received
PO-001598,SUP-024,PRT-0025,2026-08-03,2026-09-17,2026-09-11,401,611.83,6,Received
PO-001599,SUP-036,PRT-0058,2026-09-17,2026-10-29,2026-10-26,313,281.12,4,Received
PO-001600,SUP-006,PRT-0077,2026-07-30,2026-08-25,2026-08-23,110,204.99,1,Received
PO-001601,SUP-008,PRT-0028,2025-12-10,2026-02-20,2026-02-14,280,125.0,4,Received
PO-001602,SUP-019,PRT-0078,2025-11-30,2026-01-22,2026-01-15,220,200.21,5,Received
PO-001603,SUP-032,PRT-0039,2026-06-07,2026-07-09,2026-08-06,161,658.22,2,Received
PO-001604,SUP-006,PRT-0077,2026-07-23,2026-09-19,2026-09-13,24,199.19,0,Received
PO-001605,SUP-034,PRT-0030,2026-09-13,2026-12-07,2026-12-05,288,165.46,2,Received
PO-001606,SUP-022,PRT-0050,2026-05-27,2026-07-31,2026-07-27,355,266.25,3,Received
PO-001607,SUP-026,PRT-0067,2026-03-19,2026-05-07,2026-05-03,369,531.11,4,Received
PO-001608,SUP-040,PRT-0049,2026-07-12,2026-08-24,2026-08-23,171,238.74,1,Received
PO-001609,SUP-007,PRT-0086,2026-06-28,2026-09-17,2026-09-13,409,98.47,8,Received
PO-001610,SUP-014,PRT-0072,2025-10-27,2025-11-25,2025-11-19,400,768.85,5,Received
PO-001611,SUP-007,PRT-0082,2026-08-09,2026-09-14,2026-09-13,189,84.64,4,Received
PO-001612,SUP-004,PRT-0040,2025-11-05,2026-01-28,2026-01-24,200,171.1,7,Received
PO-001613,SUP-016,PRT-0033,2025-11-13,2026-01-08,2026-01-01,182,966.42,3,Received
PO-001614,SUP-015,PRT-0061,2026-06-01,2026-07-11,2026-07-03,248,62.87,1,Received
PO-001615,SUP-014,PRT-0086,2026-09-28,2026-11-26,2026-12-01,139,93.98,2,Received
PO-001616,SUP-037,PRT-0069,2026-08-11,2026-10-17,2026-10-17,94,110.74,0,Received
PO-001617,SUP-024,PRT-0025,2025-12-06,2026-01-10,2026-01-03,243,621.62,6,Received
PO-001618,SUP-002,PRT-0012,2026-01-19,2026-03-25,2026-03-23,212,890.92,4,Received
PO-001619,SUP-039,PRT-0087,2025-12-14,2026-01-16,2026-01-09,226,167.44,5,Received
PO-001620,SUP-031,PRT-0003,2026-08-19,2026-11-04,2026-11-02,399,541.45,7,Received
PO-001621,SUP-016,PRT-0085,2026-01-11,2026-04-01,2026-04-19,225,62.24,2,Received
PO-001622,SUP-003,PRT-0057,2025-10-23,2025-12-12,2025-12-23,380,153.6,3,Received
PO-001623,SUP-015,PRT-0052,2026-07-10,2026-09-18,2026-09-12,168,344.33,3,Received
PO-001624,SUP-035,PRT-0071,2026-07-18,2026-08-16,2026-08-08,20,42.55,0,Received
PO-001625,SUP-008,PRT-0028,2026-04-03,2026-06-21,2026-06-21,59,132.66,0,Received
PO-001626,SUP-003,PRT-0075,2026-03-01,2026-04-05,2026-04-03,192,120.59,2,Received
PO-001627,SUP-017,PRT-0089,2026-06-14,2026-07-12,2026-07-12,299,154.81,2,Received
PO-001628,SUP-001,PRT-0027,2026-07-22,2026-09-09,2026-09-05,259,613.43,7,Received
PO-001629,SUP-015,PRT-0037,2026-02-09,2026-03-05,2026-03-05,138,734.47,0,Received
PO-001630,SUP-010,PRT-0035,2026-08-19,2026-11-06,2026-10-31,154,430.19,1,Received
PO-001631,SUP-016,PRT-0024,2026-07-23,2026-08-30,2026-09-15,399,56.91,4,Received
PO-001632,SUP-018,PRT-0066,2026-09-28,2026-12-08,2026-12-03,86,106.36,3,Received
PO-001633,SUP-024,PRT-0082,2026-08-02,2026-10-13,2026-10-07,292,77.49,4,Received
PO-001634,SUP-014,PRT-0008,2025-11-21,2026-01-04,2026-01-03,362,455.72,3,Received
PO-001635,SUP-018,PRT-0090,2025-11-10,2025-12-22,2025-12-15,26,436.22,2,Received
PO-001636,SUP-035,PRT-0071,2026-05-26,2026-08-07,2026-08-04,258,46.96,3,Received
PO-001637,SUP-014,PRT-0072,2025-11-25,2025-12-30,2025-12-24,370,730.82,5,Received
PO-001638,SUP-026,PRT-0067,2026-07-25,2026-10-03,2026-09-28,43,547.26,0,Received
PO-001639,SUP-026,PRT-0013,2026-01-24,2026-03-06,2026-03-06,193,352.46,4,Received
PO-001640,SUP-003,PRT-0075,2026-03-13,2026-05-13,2026-05-12,63,109.48,0,Received
PO-001641,SUP-011,PRT-0055,2026-09-11,2026-11-30,2026-11-24,237,84.21,0,Received
PO-001642,SUP-013,PRT-0045,2026-01-25,2026-03-15,2026-03-25,290,1273.66,7,Received
PO-001643,SUP-016,PRT-0024,2026-03-04,2026-04-14,2026-04-14,28,61.91,0,Received
PO-001644,SUP-021,PRT-0045,2026-01-13,2026-02-24,2026-03-26,301,1462.44,2,Received
PO-001645,SUP-007,PRT-0036,2026-06-30,2026-07-29,2026-07-21,233,171.56,7,Received
PO-001646,SUP-009,PRT-0065,2026-05-09,2026-07-06,2026-07-06,341,443.02,7,Received
PO-001647,SUP-007,PRT-0010,2026-05-17,2026-07-09,2026-07-02,44,204.46,0,Received
PO-001648,SUP-004,PRT-0040,2026-08-05,2026-09-10,2026-09-05,331,180.4,4,Received
PO-001649,SUP-001,PRT-0027,2026-03-12,2026-05-13,2026-05-10,309,643.14,3,Received
PO-001650,SUP-024,PRT-0057,2026-07-29,2026-10-01,2026-09-28,143,157.55,1,Received
PO-001651,SUP-019,PRT-0048,2026-08-16,2026-10-03,2026-09-29,365,373.8,5,Received
PO-001652,SUP-025,PRT-0050,2026-04-12,2026-06-29,2026-06-28,123,272.66,2,Received
PO-001653,SUP-035,PRT-0080,2026-01-14,2026-03-06,2026-03-06,417,176.2,7,Received
PO-001654,SUP-009,PRT-0025,2025-12-24,2026-02-04,2026-01-31,70,792.63,2,Received
PO-001655,SUP-026,PRT-0013,2026-03-14,2026-05-01,2026-04-29,399,319.62,7,Received
PO-001656,SUP-004,PRT-0041,2026-07-23,2026-10-01,2026-10-11,411,275.23,7,Received
PO-001657,SUP-004,PRT-0040,2026-08-31,2026-11-08,2026-11-16,252,173.6,5,Received
PO-001658,SUP-035,PRT-0071,2026-02-03,2026-04-04,2026-04-01,51,43.52,0,Received
PO-001659,SUP-007,PRT-0086,2026-03-04,2026-04-06,2026-04-02,396,90.42,8,Received
PO-001660,SUP-037,PRT-0010,2026-03-25,2026-06-02,2026-05-29,332,194.57,9,Received
PO-001661,SUP-017,PRT-0042,2025-12-20,2026-01-28,2026-01-28,179,648.2,6,Received
PO-001662,SUP-019,PRT-0078,2026-01-29,2026-04-07,2026-04-04,37,194.07,1,Received
PO-001663,SUP-005,PRT-0021,2026-03-20,2026-04-23,2026-04-23,268,148.13,5,Received
PO-001664,SUP-026,PRT-0013,2026-05-02,2026-07-19,2026-07-12,329,343.49,3,Received
PO-001665,SUP-025,PRT-0050,2026-08-30,2026-11-17,2026-11-11,91,283.45,1,Received
PO-001666,SUP-009,PRT-0004,2025-12-31,2026-03-23,2026-03-22,171,351.5,4,Received
PO-001667,SUP-014,PRT-0008,2026-05-21,2026-08-13,2026-08-06,326,471.44,6,Received
PO-001668,SUP-028,PRT-0001,2026-02-19,2026-03-17,2026-03-13,298,221.05,4,Received
PO-001669,SUP-009,PRT-0025,2026-02-05,2026-04-15,2026-04-09,206,733.04,9,Received
PO-001670,SUP-008,PRT-0033,2025-11-16,2026-01-10,2026-01-02,362,871.64,4,Received
PO-001671,SUP-036,PRT-0014,2026-08-25,2026-10-10,2026-10-08,404,88.51,2,Received
PO-001672,SUP-005,PRT-0018,2026-09-03,2026-10-11,2026-10-03,211,69.72,4,Received
PO-001673,SUP-006,PRT-0077,2025-12-25,2026-01-21,2026-01-19,378,202.37,1,Received
PO-001674,SUP-013,PRT-0010,2026-09-11,2026-11-22,2026-11-16,89,199.14,2,Received
PO-001675,SUP-036,PRT-0001,2026-03-07,2026-04-05,2026-03-29,211,216.45,0,Received
PO-001676,SUP-024,PRT-0057,2025-12-17,2026-03-01,2026-02-25,70,164.8,2,Received
PO-001677,SUP-026,PRT-0008,2025-11-13,2026-01-09,2026-01-07,344,467.77,3,Received
PO-001678,SUP-036,PRT-0043,2026-03-07,2026-05-24,2026-05-18,193,42.3,1,Received
PO-001679,SUP-007,PRT-0008,2026-07-22,2026-09-19,2026-09-16,279,538.78,5,Received
PO-001680,SUP-014,PRT-0084,2025-12-06,2026-02-21,2026-02-21,183,257.75,3,Received
PO-001681,SUP-009,PRT-0004,2026-03-27,2026-05-16,2026-06-13,86,342.06,2,Received
PO-001682,SUP-003,PRT-0020,2026-09-28,2026-11-18,2026-11-18,91,76.48,1,Received
PO-001683,SUP-026,PRT-0008,2026-01-26,2026-04-10,2026-04-09,297,497.13,4,Received
PO-001684,SUP-004,PRT-0040,2026-05-11,2026-06-06,2026-06-06,331,170.44,7,Received
PO-001685,SUP-035,PRT-0063,2025-11-20,2025-12-20,2026-01-10,364,132.54,11,Received
PO-001686,SUP-019,PRT-0076,2026-04-03,2026-05-20,2026-05-18,183,296.44,1,Received
PO-001687,SUP-036,PRT-0043,2025-12-01,2026-01-31,2026-01-30,74,41.67,0,Received
PO-001688,SUP-029,PRT-0062,2026-01-12,2026-02-08,2026-02-08,211,243.67,1,Received
PO-001689,SUP-035,PRT-0080,2026-07-25,2026-10-03,2026-10-11,281,188.8,4,Received
PO-001690,SUP-015,PRT-0052,2026-03-21,2026-04-24,2026-04-18,170,342.46,0,Received
PO-001691,SUP-007,PRT-0061,2026-07-15,2026-09-02,2026-08-28,273,60.31,9,Received
PO-001692,SUP-026,PRT-0019,2026-02-14,2026-04-22,2026-04-19,38,263.04,1,Received
PO-001693,SUP-035,PRT-0071,2025-12-24,2026-03-16,2026-03-15,210,45.86,2,Received
PO-001694,SUP-026,PRT-0063,2025-10-25,2025-12-03,2025-11-27,49,121.77,2,Received
PO-001695,SUP-014,PRT-0022,2026-07-25,2026-09-15,2026-09-15,296,75.08,4,Received
PO-001696,SUP-036,PRT-0001,2026-09-10,2026-10-11,2026-10-17,36,227.27,0,Received
PO-001697,SUP-034,PRT-0030,2026-05-13,2026-06-14,2026-07-09,211,163.45,2,Received
PO-001698,SUP-035,PRT-0071,2026-09-16,2026-10-17,2026-10-15,136,42.44,2,Received
PO-001699,SUP-003,PRT-0020,2026-03-09,2026-05-21,2026-05-14,111,74.34,0,Received
PO-001700,SUP-034,PRT-0027,2026-04-18,2026-05-30,2026-05-27,194,728.77,4,Received
PO-001701,SUP-009,PRT-0068,2026-01-07,2026-03-10,2026-03-08,29,184.03,1,Received
PO-001702,SUP-036,PRT-0038,2026-01-24,2026-02-28,2026-02-23,62,106.09,0,Received
PO-001703,SUP-005,PRT-0021,2025-12-23,2026-01-21,2026-02-20,374,146.31,7,Received
PO-001704,SUP-016,PRT-0024,2026-07-28,2026-09-27,2026-09-19,40,57.02,0,Received
PO-001705,SUP-029,PRT-0088,2026-05-11,2026-08-01,2026-07-28,156,1218.2,3,Received
PO-001706,SUP-004,PRT-0017,2026-05-30,2026-06-27,2026-06-27,84,12.46,5,Received
PO-001707,SUP-029,PRT-0088,2026-06-04,2026-07-19,2026-08-02,115,1298.19,0,Received
PO-001708,SUP-007,PRT-0015,2025-12-29,2026-03-19,2026-03-17,394,143.12,6,Received
PO-001709,SUP-039,PRT-0071,2025-12-05,2026-02-28,2026-02-23,229,47.06,5,Received
PO-001710,SUP-014,PRT-0038,2026-03-04,2026-04-03,2026-03-28,197,105.07,4,Received
PO-001711,SUP-037,PRT-0022,2026-08-09,2026-10-05,2026-10-01,151,73.77,3,Received
PO-001712,SUP-026,PRT-0013,2025-12-07,2026-02-06,2026-02-06,197,323.49,2,Received
PO-001713,SUP-014,PRT-0086,2026-05-11,2026-07-01,2026-07-25,341,99.71,8,Received
PO-001714,SUP-007,PRT-0082,2026-07-15,2026-08-30,2026-08-23,174,82.12,4,Received
PO-001715,SUP-029,PRT-0051,2026-08-08,2026-09-11,2026-09-11,400,231.8,1,Received
PO-001716,SUP-029,PRT-0083,2026-08-16,2026-10-08,2026-10-07,383,136.88,6,Received
PO-001717,SUP-021,PRT-0078,2026-03-02,2026-05-14,2026-06-13,113,195.0,0,Received
PO-001718,SUP-017,PRT-0049,2025-11-29,2026-01-15,2026-01-11,409,235.88,7,Received
PO-001719,SUP-034,PRT-0027,2026-05-11,2026-08-04,2026-08-01,271,716.68,4,Received
PO-001720,SUP-009,PRT-0025,2025-12-15,2026-02-17,2026-02-10,189,738.92,2,Received
PO-001721,SUP-007,PRT-0036,2026-08-21,2026-09-30,2026-09-25,126,159.56,3,Received
PO-001722,SUP-034,PRT-0027,2026-01-20,2026-03-31,2026-03-26,97,751.5,2,Received
PO-001723,SUP-019,PRT-0076,2025-10-23,2025-11-20,2025-11-13,231,326.8,5,Received
PO-001724,SUP-007,PRT-0015,2025-10-22,2025-11-25,2025-11-18,240,146.25,2,Received
PO-001725,SUP-003,PRT-0075,2026-08-05,2026-09-24,2026-09-20,246,111.33,1,Received
PO-001726,SUP-019,PRT-0048,2026-04-10,2026-06-14,2026-06-09,35,378.69,1,Received
PO-001727,SUP-021,PRT-0078,2026-02-19,2026-04-08,2026-04-16,317,202.56,6,Received
PO-001728,SUP-036,PRT-0001,2025-11-29,2026-01-13,2026-01-12,66,212.53,0,Received
PO-001729,SUP-010,PRT-0028,2026-01-16,2026-03-03,2026-03-02,302,119.42,6,Received
PO-001730,SUP-014,PRT-0038,2026-05-19,2026-06-28,2026-06-26,296,96.37,6,Received
PO-001731,SUP-030,PRT-0090,2026-08-18,2026-11-06,2026-11-02,262,417.02,6,Received
PO-001732,SUP-003,PRT-0081,2026-09-30,2026-12-08,2026-12-02,229,98.82,1,Received
PO-001733,SUP-035,PRT-0063,2025-10-30,2026-01-14,2026-01-12,381,130.11,3,Received
PO-001734,SUP-028,PRT-0070,2026-09-11,2026-11-08,2026-11-19,74,104.12,1,Received
PO-001735,SUP-036,PRT-0014,2025-11-16,2026-02-01,2026-01-26,194,89.12,0,Received
PO-001736,SUP-010,PRT-0028,2025-10-05,2025-11-27,2025-11-19,38,121.0,0,Received
PO-001737,SUP-003,PRT-0075,2026-07-24,2026-10-04,2026-10-02,208,120.77,2,Received
PO-001738,SUP-001,PRT-0046,2025-12-16,2026-01-14,2026-02-05,298,33.23,3,Received
PO-001739,SUP-009,PRT-0068,2026-09-06,2026-11-05,2026-10-31,135,173.78,1,Received
PO-001740,SUP-015,PRT-0037,2026-07-26,2026-08-21,2026-08-17,53,748.85,0,Received
PO-001741,SUP-024,PRT-0064,2026-01-08,2026-03-14,2026-03-29,143,136.44,0,Received
PO-001742,SUP-024,PRT-0057,2026-05-13,2026-07-15,2026-07-07,331,166.53,4,Received
PO-001743,SUP-039,PRT-0087,2026-09-23,2026-11-26,2026-11-25,49,172.67,0,Received
PO-001744,SUP-036,PRT-0016,2026-06-28,2026-09-04,2026-08-28,115,941.08,0,Received
PO-001745,SUP-031,PRT-0086,2025-11-14,2025-12-16,2025-12-09,246,98.08,4,Received
PO-001746,SUP-008,PRT-0045,2025-12-01,2026-02-16,2026-02-15,135,1232.89,1,Received
PO-001747,SUP-024,PRT-0064,2026-06-07,2026-07-31,2026-07-23,240,144.54,4,Received
PO-001748,SUP-007,PRT-0008,2026-01-17,2026-02-13,2026-02-08,233,552.89,4,Received
PO-001749,SUP-039,PRT-0084,2026-05-11,2026-06-09,2026-06-08,354,236.03,5,Received
PO-001750,SUP-004,PRT-0040,2025-10-29,2026-01-11,2026-01-07,105,181.71,4,Received
PO-001751,SUP-009,PRT-0068,2026-09-01,2026-10-11,2026-10-03,302,181.64,3,Received
PO-001752,SUP-012,PRT-0026,2026-05-09,2026-07-17,2026-07-10,252,303.74,6,Received
PO-001753,SUP-014,PRT-0072,2025-11-05,2025-12-04,2025-12-02,367,813.4,6,Received
PO-001754,SUP-035,PRT-0071,2026-08-15,2026-11-04,2026-11-13,192,46.24,4,Received
PO-001755,SUP-026,PRT-0065,2025-11-27,2026-02-13,2026-02-06,264,450.91,5,Received
PO-001756,SUP-025,PRT-0050,2026-02-01,2026-04-02,2026-03-28,234,277.9,1,Received
PO-001757,SUP-004,PRT-0063,2026-07-07,2026-08-04,2026-07-27,371,128.13,9,Received
PO-001758,SUP-029,PRT-0083,2026-09-21,2026-11-16,2026-11-09,78,148.45,1,Received
PO-001759,SUP-018,PRT-0025,2026-06-20,2026-09-01,2026-08-25,271,783.94,2,Received
PO-001760,SUP-014,PRT-0008,2026-03-25,2026-06-07,2026-07-06,386,479.91,7,Received
PO-001761,SUP-030,PRT-0071,2026-08-30,2026-10-21,2026-10-18,77,47.98,3,Received
PO-001762,SUP-002,PRT-0012,2026-09-30,2026-12-18,2026-12-16,267,910.53,3,Received
PO-001763,SUP-027,PRT-0082,2026-06-02,2026-07-04,2026-06-27,238,80.59,5,Received
PO-001764,SUP-029,PRT-0083,2026-08-15,2026-09-18,2026-09-10,340,137.37,3,Received
PO-001765,SUP-002,PRT-0029,2025-11-08,2025-12-26,2025-12-26,104,565.86,0,Received
PO-001766,SUP-005,PRT-0021,2026-03-12,2026-04-23,2026-04-20,203,159.36,3,Received
PO-001767,SUP-030,PRT-0031,2025-12-25,2026-02-11,2026-02-07,404,104.36,8,Received
PO-001768,SUP-002,PRT-0012,2026-08-20,2026-11-03,2026-11-03,258,841.64,4,Received
PO-001769,SUP-030,PRT-0090,2025-12-16,2026-02-02,2026-01-27,200,398.23,1,Received
PO-001770,SUP-032,PRT-0027,2026-01-05,2026-03-07,2026-03-06,289,695.32,5,Received
PO-001771,SUP-007,PRT-0053,2025-12-10,2026-02-19,2026-02-17,16,109.5,0,Received
PO-001772,SUP-014,PRT-0008,2026-05-27,2026-07-13,2026-07-05,299,482.99,6,Received
PO-001773,SUP-026,PRT-0065,2025-12-10,2026-02-12,2026-02-09,62,441.67,0,Received
PO-001774,SUP-020,PRT-0023,2026-06-08,2026-08-25,2026-08-25,331,163.1,8,Received
PO-001775,SUP-018,PRT-0084,2026-07-22,2026-09-01,2026-09-01,192,247.78,2,Received
PO-001776,SUP-005,PRT-0018,2026-04-24,2026-06-04,2026-06-02,31,71.2,0,Received
PO-001777,SUP-015,PRT-0034,2026-01-19,2026-03-03,2026-02-25,344,686.58,1,Received
PO-001778,SUP-007,PRT-0015,2026-01-18,2026-03-20,2026-03-17,65,146.38,1,Received
PO-001779,SUP-034,PRT-0027,2026-01-04,2026-01-29,2026-01-28,151,728.05,3,Received
PO-001780,SUP-040,PRT-0049,2026-05-03,2026-06-26,2026-06-24,372,247.78,1,Received
PO-001781,SUP-015,PRT-0037,2026-03-05,2026-04-16,2026-05-04,275,722.42,0,Received
PO-001782,SUP-039,PRT-0087,2026-04-27,2026-06-24,2026-06-22,77,167.59,0,Received
PO-001783,SUP-017,PRT-0049,2026-06-14,2026-08-16,2026-08-14,163,233.86,1,Received
PO-001784,SUP-016,PRT-0074,2025-11-14,2026-01-31,2026-02-13,241,26.1,3,Received
PO-001785,SUP-035,PRT-0059,2026-09-01,2026-11-08,2026-11-05,271,96.89,4,Received
PO-001786,SUP-020,PRT-0023,2026-09-18,2026-11-10,2026-11-10,376,153.78,5,Received
PO-001787,SUP-028,PRT-0001,2026-09-02,2026-10-01,2026-09-30,41,236.08,0,Received
PO-001788,SUP-015,PRT-0037,2026-07-30,2026-09-23,2026-09-22,415,700.72,0,Received
PO-001789,SUP-024,PRT-0082,2026-05-26,2026-07-23,2026-07-17,251,77.28,4,Received
PO-001790,SUP-004,PRT-0063,2025-11-14,2026-02-05,2026-01-29,388,119.43,8,Received
PO-001791,SUP-017,PRT-0089,2026-07-15,2026-09-25,2026-10-21,34,169.78,0,Received
PO-001792,SUP-026,PRT-0063,2025-11-30,2026-02-05,2026-01-30,113,128.77,0,Received
PO-001793,SUP-027,PRT-0054,2026-04-16,2026-05-14,2026-05-10,82,345.22,2,Received
PO-001794,SUP-006,PRT-0077,2025-10-17,2026-01-09,2026-01-01,242,199.23,2,Received
PO-001795,SUP-004,PRT-0040,2026-05-15,2026-08-02,2026-08-04,201,179.02,4,Received
PO-001796,SUP-014,PRT-0008,2026-02-16,2026-04-13,2026-04-06,197,448.73,5,Received
PO-001797,SUP-022,PRT-0050,2026-06-10,2026-08-08,2026-08-07,298,269.77,2,Received
PO-001798,SUP-010,PRT-0011,2026-06-06,2026-07-14,2026-07-13,239,265.18,6,Received
PO-001799,SUP-003,PRT-0057,2026-08-19,2026-11-03,2026-11-02,283,161.13,3,Received
PO-001800,SUP-031,PRT-0086,2026-06-28,2026-09-16,2026-09-13,67,101.07,1,Received
